product_id,bv_product_id,product_url,brand,product_name,category,price,rating
516478,516478,https://www.sephora.com/product/discovery-set-P516478,Boy Smells,Fragrance Discovery Set - Boy Smells,Perfume Gift Sets,$30.0,4.803149606299213
516181,516181,https://www.sephora.com/product/coco-cream-eau-de-parfum-P516181,Boy Smells,Coco Cream Perfume with Coconut & Vanilla - Boy Smells,Perfume,$78.0,4.638977635782748
516442,516442,https://www.sephora.com/product/woodphoria-eau-de-parfum-with-fig-P516442,Boy Smells,Woodphoria Perfume with Fig - Boy Smells,Perfume,$78.0,4.554347826086956
516494,516494,https://www.sephora.com/product/vanilla-era-eau-de-parfum-P516494,Boy Smells,Vanilla Era Perfume with Espresso - Boy Smells,Perfume,$78.0,4.6
516177,516177,https://www.sephora.com/product/sugar-baby-eau-de-parfum-P516177,Boy Smells,Sugar Baby Perfume with Honeysuckle & Musk - Boy Smells,Perfume,$78.0,4.598455598455598
460551,460551,https://www.sephora.com/product/bread-beauty-hair-oil-everyday-gloss-P460551,BREAD BEAUTY SUPPLY,Hair Oil  Everyday Gloss - BREAD BEAUTY SUPPLY,Hair Oil,$24.0,4.086477987421383
509341,509341,https://www.sephora.com/product/bread-beauty-supply-clear-wash-detox-clarifying-shampoo-P509341,BREAD BEAUTY SUPPLY,Clear-Wash: Detox Clarifying Shampoo - BREAD BEAUTY SUPPLY,Shampoo,$24.0,4.481481481481482
460549,460549,https://www.sephora.com/product/bread-beauty-hair-wash-gentle-milky-hair-cleanser-P460549,BREAD BEAUTY SUPPLY,Hair Wash Gentle Milky Hair Cleanser - BREAD BEAUTY SUPPLY,Shampoo,$20.0,4.482758620689655
510274,510274,https://www.sephora.com/product/bread-beauty-supply-hair-foam-strong-hold-repairing-curling-mousse-P510274,BREAD BEAUTY SUPPLY,Hair-Foam: Curl Defining Mousse - BREAD BEAUTY SUPPLY,Hair Styling Products,$26.0,4.483333333333333
509338,509338,https://www.sephora.com/product/bread-beauty-supply-baby-soft-ceramide-hair-conditioner-P509338,BREAD BEAUTY SUPPLY,Baby-Soft: Hydrating Ceramide Hair Conditioner - BREAD BEAUTY SUPPLY,Conditioner,$24.0,4.021505376344086
518284,518284,https://www.sephora.com/product/healthy-hair-delights-gift-set-for-scalp-to-strand-care-P518284,Briogeo,Healthy Hair Delights Gift Set for Scalp-to-Strand Care - Briogeo,Value & Gift Sets,$31.5,4.902439024390244
509257,509257,https://www.sephora.com/product/briogeo-scalp-revival-tm-rosemary-pre-wash-scalp-hair-oil-P509257,Briogeo,Scalp Revival&#8482; Rosemary Pre-Wash Scalp and Hair Oil - Briogeo,Scalp Treatments,$32.0,4.446494464944649
418507,418507,https://www.sephora.com/product/scalp-revival-charcoal-coconut-oil-micro-exfoliating-shampoo-P418507,Briogeo,Scalp Revival Charcoal + Coconut Oil Micro-exfoliating Scalp Scrub Shampoo - Briogeo,Shampoo,$42.0,4.179659122659961
388628,388628,https://www.sephora.com/product/dont-despair-repair-deep-conditioning-hair-mask-P388628,Briogeo,"Don't Despair, Repair!&trade; Deep Conditioning Hair Mask - Briogeo",Hair Masks,$39.0,4.161391640492873
467242,467242,https://www.sephora.com/product/briogeo-don-t-despair-repair-super-moisture-conditioner-P467242,Briogeo,"Don't Despair, Repair!™ Super Moisture Conditioner for Dry + Damaged Hair - Briogeo",Conditioner,$39.0,4.2270408163265305
520951,520951,https://www.sephora.com/product/fragrance-sampler-set-P520951,BROWN GIRL Jane,Fragrance Sampler Set - BROWN GIRL Jane,Perfume Gift Sets,$30.0,4.4
518154,518154,https://www.sephora.com/product/chalet-eau-de-parfum-travel-spray-P518154,BROWN GIRL Jane,Chalet Eau de Parfum Travel Spray with Chocolate - BROWN GIRL Jane,Rollerballs & Travel Size,$30.0,4.680412371134021
514795,514795,https://www.sephora.com/product/casino-eau-de-parfum-travel-spray-P514795,BROWN GIRL Jane,Casino Eau de Parfum Travel Spray with Coffee and Vanilla - BROWN GIRL Jane,Rollerballs & Travel Size,$30.0,4.533980582524272
510264,510264,https://www.sephora.com/product/casablanca-eau-de-parfum-travel-spray-P510264,BROWN GIRL Jane,Casablanca Eau de Parfum Travel Spray with Sweet Amber - BROWN GIRL Jane,Rollerballs & Travel Size,$30.0,4.3
386464,386464,https://www.sephora.com/product/hairdresser-s-invisible-oil-primer-P386464,Bumble and bumble,Hairdresser’s Invisible Oil Heat & UV Protective Primer - Bumble and bumble,Hair Primers,$34.0,4.574048346762989
426163,426163,https://www.sephora.com/product/hairdresser-s-invisible-oil-primer-mini-P426163,Bumble and bumble,Mini Hairdresser's Invisible Oil Primer - Bumble and bumble,Mini Size,$16.0,4.574048346762989
449139,449139,https://www.sephora.com/product/bb-glow-thermal-protection-mist-P449139,Bumble and bumble,Bb. Heat Shield Thermal Protection Mist - Bumble and bumble,Hair Primers,$36.0,4.538461538461538
436395,436395,https://www.sephora.com/product/bb-thickening-full-form-soft-mousse-P436395,Bumble and bumble,Thickening Full Form Soft Mousse - Bumble and bumble,Hair Styling Products,$37.0,4.26890756302521
375391,375391,https://www.sephora.com/product/hairdresser-s-invisible-oil-P375391,Bumble and bumble,Hairdresser&rsquo;s Invisible Oil - Bumble and bumble,Hair Oil,$47.0,4.4853896103896105
507316,507316,https://www.sephora.com/product/burberry-goddess-eau-de-parfum-P507316,BURBERRY,Burberry Goddess Eau de Parfum with Vanilla & Lavender - BURBERRY,Perfume,$181.0,4.5477031802120145
502245,502245,https://www.sephora.com/product/her-elixir-eau-de-parfum-intense-P502245,BURBERRY,"Her Elixir de Parfum with Dark Red Berries, Jasmine & Vanilla - BURBERRY",Perfume,$190.0,4.346265761396702
437631,437631,https://www.sephora.com/product/her-eau-de-parfum-P437631,BURBERRY,Her Eau de Parfum - BURBERRY,Perfume,$150.0,4.265678449258837
513278,513278,https://www.sephora.com/product/burberry-mini-her-goddess-perfume-coffret-set-P513278,BURBERRY,Mini Her & Goddess Perfume Duo Set - BURBERRY,Perfume Gift Sets,$39.0,4.287292817679558
505456,505456,https://www.sephora.com/product/burberry-her-elixir-eau-de-parfum-intense-travel-spray-P505456,BURBERRY,Her Elixir Eau de Parfum Travel Spray - BURBERRY,Rollerballs & Travel Size,$40.0,4.346265761396702
6986,6986,https://www.sephora.com/product/touch-P6986,BURBERRY,Touch - BURBERRY,Cologne,$93.0,4.846153846153846
388218,388218,https://www.sephora.com/product/my-burberry-P388218,,,,,
431444,431444,https://www.sephora.com/product/rosie-P431444,By Rosie Jane,Rosie Perfume - By Rosie Jane,Perfume,$86.0,4.14757281553398
519298,519298,https://www.sephora.com/product/fragrance-discovery-set-P519298,By Rosie Jane,Fragrance Discovery Set - By Rosie Jane,Perfume Gift Sets,$29.0,3.7142857142857144
503074,503074,https://www.sephora.com/product/dulce-eau-de-parfum-P503074,By Rosie Jane,DULCE eau de parfum with vanilla - By Rosie Jane,Perfume,$86.0,4.097560975609756
431768,431768,https://www.sephora.com/product/rosie-travel-spray-P431768,By Rosie Jane,Rosie Perfume Travel Spray - By Rosie Jane,Rollerballs & Travel Size,$29.0,4.14757281553398
503061,503061,https://www.sephora.com/product/dulce-travel-spray-P503061,By Rosie Jane,DULCE travel spray with vanilla - By Rosie Jane,Rollerballs & Travel Size,$29.0,4.097560975609756
431443,431443,https://www.sephora.com/product/james-P431443,By Rosie Jane,James Perfume - By Rosie Jane,Perfume,$86.0,4.436619718309859
431441,431441,https://www.sephora.com/product/leila-lou-P431441,By Rosie Jane,Leila Lou Perfume - By Rosie Jane,Perfume,$86.0,4.353982300884955
479308,479308,https://www.sephora.com/product/caliray-come-hell-or-high-water-volumizing-tubing-mascara-P479308,caliray,Come Hell or High Water Volumizing Tubing Mascara - caliray,Mascara,$25.0,4.086317722681359
510426,510426,https://www.sephora.com/product/caliray-hideaway-brightening-hydrating-under-eye-color-corrector-concealer-P510426,caliray,Hideaway Brightening + Hydrating Under Eye Color Corrector Concealer - caliray,Under-Eye Concealer,$29.0,4.473444613050076
479309,479309,https://www.sephora.com/product/caliray-mini-come-hell-or-high-water-volumizing-tubing-mascara-P479309,caliray,Mini Come Hell or High Water Volumizing Tubing Mascara - caliray,Mascara,$14.0,4.086317722681359
501569,501569,https://www.sephora.com/product/caliray-so-blown-blurring-primer-P501569,caliray,So Blown Blurring & Hydrating Tripeptide Makeup Primer - caliray,Face Primer,$32.0,4.207439198855508
513474,513474,https://www.sephora.com/product/caliray-blurry-blush-pore-minimizing-cream-blush-with-niacinamide-P513474,caliray,Blurry Blush Longwear Cream Blush - caliray,Blush,$25.0,4.675949367088608
509413,509413,https://www.sephora.com/product/canopy-canopy-showerhead-filters-P509413,CANOPY,Canopy Showerhead Filters - CANOPY,Showerheads & Filters,$65.0,3.8
513237,513237,https://www.sephora.com/product/canopy-handheld-filtered-showerhead-for-healthy-skin-hair-P513237,CANOPY,Handheld Filtered Showerhead for Healthy Skin & Hair - CANOPY,Showerheads & Filters,$150.0,3.5714285714285716
508430,508430,https://www.sephora.com/product/filtered-showerhead-for-healthy-skin-hair-P508430,CANOPY,Filtered Showerhead for Healthy Skin & Hair - CANOPY,Showerheads & Filters,$150.0,3.8
520188,520188,https://www.sephora.com/product/vanilla-noir-P520188,CANOPY,Vanilla Noir - CANOPY,Diffusers,$15.0,
514608,514608,https://www.sephora.com/product/canopy-canopy-humidifier-for-skin-hydration-2-0-P514608,CANOPY,Humidifier for Skin Hydration 2.0 - CANOPY,High Tech Tools,$159.0,4.5
504996,504996,https://www.sephora.com/product/good-girl-blush-eau-de-parfum-P504996,Carolina Herrera,Good Girl Blush Eau de Parfum with Floral Vanilla - Carolina Herrera,Perfume,$176.0,4.37390350877193
420533,420533,https://www.sephora.com/product/good-girl-P420533,Carolina Herrera,Good Girl Eau de Parfum - Carolina Herrera,Perfume,$130.0,4.458752515090543
518270,518270,https://www.sephora.com/product/gg-edp-gg-blush-vgg-vgg-elixir-us-hd25-P518270,Carolina Herrera,Good Girl Collection Mini Perfume Sampler Set - Carolina Herrera,Perfume Gift Sets,$68.0,3.5
516711,516711,https://www.sephora.com/product/mini-good-girl-good-girl-blush-elixir-perfume-set-P516711,Carolina Herrera,Mini Good Girl & Good Girl Blush Duo Perfume Gift Set - Carolina Herrera,Perfume Gift Sets,$40.0,3.4782608695652173
474032,474032,https://www.sephora.com/product/carolina-herrera-very-good-girl-eau-de-parfum-P474032,Carolina Herrera,Very Good Girl Eau de Parfum - Carolina Herrera,Perfume,$176.0,4.329059829059829
482517,482517,https://www.sephora.com/product/carolina-herrera-good-girl-body-mist-P482517,,,,,
471747,471747,https://www.sephora.com/product/carolina-herrera-bad-boy-eau-de-toilette-P471747,Carolina Herrera,Bad Boy Eau de Toilette - Carolina Herrera,Cologne,$125.0,4.4485981308411215
472310,472310,https://www.sephora.com/product/P472310,,,,,
94421,94421,https://www.sephora.com/product/vinoperfect-brightening-dark-spot-serum-vitamin-c-alternative-P94421,Caudalie,Vinoperfect Radiance Dark Spot Serum - Caudalie,Face Serums,$82.0,4.245211693548387
481817,481817,https://www.sephora.com/product/caudalie-beauty-elixir-face-mist-P481817,Caudalie,Beauty Elixir Face Mist - Caudalie,Mists & Essences,$49.0,4.162367968558094
466114,466114,https://www.sephora.com/product/caudalie-resveratrol-lift-instant-firming-serum-P466114,Caudalie,Resveratrol Lift Instant Firming Serum - Caudalie,Face Serums,$84.0,4.538228614685844
481818,481818,https://www.sephora.com/product/caudalie-mini-beauty-elixir-face-mist-P481818,Caudalie,Mini Beauty Elixir Face Mist - Caudalie,Mini Size,$20.0,4.162367968558094
472454,472454,https://www.sephora.com/product/caudalie-vinosource-hydra-moisturizing-sorbet-P472454,,,,,
481367,481367,https://www.sephora.com/product/cay-skin-isle-lip-balm-spf-30-P481367,CAY SKIN,Isle Lip Balm with SPF 30 - CAY SKIN,Lip Balms & Treatments,$16.0,3.5728971962616822
481366,481366,https://www.sephora.com/product/cay-skin-isle-glow-face-lotion-spf-45-P481366,CAY SKIN,,Face Sunscreen,,
511970,511970,https://www.sephora.com/product/cay-skin-isle-invisible-sunstick-spf-35-P511970,CAY SKIN,Isle Invisible Sunstick SPF 35 - CAY SKIN,Face Sunscreen,$24.0,4.712962962962963
509659,509659,https://www.sephora.com/product/mo-bay-mineral-sunscreen-drops-spf-30-P509659,CAY SKIN,Mo'Bay Mineral Sunscreen Drops SPF 30 - CAY SKIN,Face Sunscreen,$36.0,4.648044692737431
501587,501587,https://www.sephora.com/product/cay-skin-deepwater-lip-mask-P501587,CAY SKIN,Deepwater Nourishing Lip Mask with Sea Moss and Aloe Stem Cells - CAY SKIN,Lip Balms & Treatments,$23.0,4.29054054054054
500841,500841,https://www.sephora.com/product/guava-hydrating-leave-in-conditioner-P500841,Ceremonia,Guava Hydrating Leave-In Conditioner - Ceremonia,Leave-In Conditioner,$29.0,4.57875
500870,500870,https://www.sephora.com/product/guava-rescue-hair-heat-protectant-spray-P500870,Ceremonia,Guava Rescue Hair Heat Protectant Spray - Ceremonia,Hair Primers,$27.0,4.579617834394904
506259,506259,https://www.sephora.com/product/ceremonia-guava-conditioner-for-damaged-color-treated-hair-P506259,Ceremonia,Guava Conditioner for Damaged and Color Treated Hair - Ceremonia,Conditioner,$26.0,4.466019417475728
506258,506258,https://www.sephora.com/product/ceremonia-guava-shampoo-for-damaged-color-treated-hair-P506258,Ceremonia,Guava Shampoo for Damaged and Color Treated Hair - Ceremonia,Shampoo,$26.0,4.31
509655,509655,https://www.sephora.com/product/ceremonia-guava-hair-repair-mask-for-damaged-color-treated-hair-P509655,Ceremonia,"Guava Hair Repair Mask For Damaged, Color-Treated Hair - Ceremonia",Hair Masks,$36.0,4.474820143884892
515920,515920,https://www.sephora.com/product/chanel-eau-splendide-eau-de-parfum-P515920,CHANEL,CHANCE EAU SPLENDIDE Eau de Parfum Spray - CHANEL,Perfume,$185.0,4.701
258612,258612,https://www.sephora.com/product/chance-eau-tendre-P258612,CHANEL,CHANCE EAU TENDRE Eau de Toilette - CHANEL,Perfume,$124.0,4.658082975679542
440093,440093,https://www.sephora.com/product/chance-eau-tendre-eau-de-parfum-P440093,CHANEL,Chance Eau Tendre Eau de Parfum - CHANEL,Perfume,$185.0,4.280487804878049
12495,12495,https://www.sephora.com/product/coco-mademoiselle-P12495,CHANEL,COCO MADEMOISELLE Eau de Parfum - CHANEL,Perfume,$154.0,4.5882753919563735
65510,65510,https://www.sephora.com/product/chanel-n5-P65510,CHANEL,N°5 Eau de Parfum - CHANEL,Perfume,$158.0,3.8901734104046244
394949,394949,https://www.sephora.com/product/bleu-de-chanel-eau-de-parfum-P394949,CHANEL,BLEU DE CHANEL Eau de Parfum - CHANEL,Cologne,$135.0,4.829166666666667
520870,520870,https://www.sephora.com/product/charlotte-tilbury-airbrush-flawless-blur-concealer-P520870,Charlotte Tilbury,Airbrush Flawless Crease-Proof Long-Wear Blur Concealer - Charlotte Tilbury,Concealer,$36.0,4.611111111111111
433526,433526,https://www.sephora.com/product/airbrush-flawless-finish-setting-powder-P433526,Charlotte Tilbury,Airbrush Flawless Finish Setting Powder,Setting Spray & Powder,$50.0,4.196700097055969
433516,433516,https://www.sephora.com/product/lip-cheat-lip-liner-P433516,Charlotte Tilbury,Lip Cheat Lip Liner,Lip Liner,$28.0,4.368109339407745
461147,461147,https://www.sephora.com/product/charlotte-tilbury-airbrush-flawless-setting-spray-P461147,Charlotte Tilbury,Transfer-Proof Setting Spray,Setting Spray & Powder,$39.0,4.291697281410728
434104,434104,https://www.sephora.com/product/hollywood-flawless-filter-P434104,Charlotte Tilbury,Hollywood Flawless Filter,Highlighter,$50.0,4.270934552729352
256308,256308,https://www.sephora.com/product/chloe-eau-de-parfum-P256308,Chloé,Chlo� Eau de Parfum - Chloe,Perfume,$181.0,4.444602778767368
502634,502634,https://www.sephora.com/product/chloe-perfume-set-P502634,Chloé,Mini Chloe Eau de Parfum Gift Set - Chlo&#233;,Perfume Gift Sets,$42.0,4.186046511627907
509015,509015,https://www.sephora.com/product/chloe-l-eau-de-parfum-lumineuse-eau-de-parfum-P509015,Chloé,L'Eau de Parfum Lumineuse with Jasmine and Vanilla - Chlo&#233;,Perfume,$181.0,4.4089068825910935
377459,377459,https://www.sephora.com/product/chlo-rollerball-P377459,Chloé,Chlo&#233; Rollerball - Chlo&#233;,Rollerballs & Travel Size,$40.0,4.444602778767368
509013,509013,https://www.sephora.com/product/chloe-l-eau-de-parfum-lumineuse-eau-de-parfum-travel-spray-P509013,Chloé,L'Eau de Parfum Lumineuse with Jasmine and Vanilla Travel Spray - Chlo&#233;,Perfume,$40.0,4.4089068825910935
518009,518009,https://www.sephora.com/product/the-classics-hair-styling-minis-value-set-P518009,Chris McMillan,The Classics Hair Styling Minis Value Set - Chris McMillan,Value & Gift Sets,$56.0,4.548387096774194
517998,517998,https://www.sephora.com/product/the-glassy-smooth-blowdry-spray-for-frizz-P517998,Chris McMillan,The Glassy Smooth Blowdry Spray for Frizz - Chris McMillan,Hair Styling Products,$36.0,4.809917355371901
517999,517999,https://www.sephora.com/product/the-mini-glassy-smooth-blowdry-spray-for-frizz-P517999,Chris McMillan,The Mini Glassy Smooth Blowdry Spray for Frizz - Chris McMillan,Hair Styling Products,$16.0,4.7421875
518004,518004,https://www.sephora.com/product/the-hair-styling-balm-for-light-hold-P518004,Chris McMillan,The Hair Styling Balm for Light Hold - Chris McMillan,Hair Styling Products,$38.0,4.859504132231405
518000,518000,https://www.sephora.com/product/the-dry-texture-volume-spray-P518000,Chris McMillan,The Dry Texture and Volume Spray - Chris McMillan,Hair Styling Products,$38.0,4.960629921259843
514438,514438,https://www.sephora.com/product/nimbus-hair-claw-clip-in-hazel-sparkle-P514438,Chunks,Nimbus Hair Claw Clip in Hazel Sparkle - Chunks,Hair Clips & Claw Clips,$24.0,4.428571428571429
517791,517791,https://www.sephora.com/product/jellyfish-swirl-hair-barrette-P517791,Chunks,Jellyfish Swirl Hair Barrette - Chunks,Hair Clips & Claw Clips,$20.0,
514451,514451,https://www.sephora.com/product/small-red-bow-hair-pin-P514451,Chunks,Small Red Bow Hair Pin - Chunks,Hair Clips & Claw Clips,$17.0,4.2
516240,516240,https://www.sephora.com/product/baby-nimbus-claw-clip-in-olive-check-P516240,Chunks,Baby Nimbus Claw Clip in Olive Check - Chunks,Hair Clips & Claw Clips,$22.0,5.0
514236,514236,https://www.sephora.com/product/chunks-large-nimbus-claw-clip-in-lilac-sparkle-P514236,Chunks,Large Nimbus Claw Clip in Lilac Sparkle - Chunks,Hair Clips & Claw Clips,$24.0,4.466666666666667
507751,507751,https://www.sephora.com/product/tint-protect-medium-coverage-serum-foundation-spf-50-P507751,ciele,tint & PROTECT medium coverage serum foundation with SPF 50+ - ciele,Foundation,$44.0,4.2745098039215685
507753,507753,https://www.sephora.com/product/blush-protect-spf-50-liquid-blush-P507753,ciele,blush & PROTECT SPF 50+ liquid blush - ciele,Blush,$34.0,4.647222222222222
513587,513587,https://www.sephora.com/product/ciele-conceal-protect-spf-50-spot-concealer-for-dark-spots-P513587,ciele,conceal & PROTECT SPF 50+ spot concealer for dark spots - ciele,Concealer,$36.0,4.485549132947977
517325,517325,https://www.sephora.com/product/flush-protect-spf-45-powder-blush-P517325,ciele,flush & PROTECT SPF 45+ powder blush - ciele,Blush,$34.0,4.5321637426900585
507783,507783,https://www.sephora.com/product/sculpt-protect-spf-30-bronzing-contour-stick-P507783,ciele,sculpt & PROTECT SPF 30+ bronzing cream contour stick - ciele,Contour,$34.0,4.4944444444444445
390961,390961,https://www.sephora.com/product/makeup-brush-cleaner-P390961,Cinema Secrets,Makeup Brush Cleaner - Cinema Secrets,Brush Cleaners,$24.0,4.3203497615262325
394935,394935,https://www.sephora.com/product/makeup-brush-cleaner-pro-starter-kit-P394935,Cinema Secrets,Makeup Brush Cleaner Pro Starter Kit - Cinema Secrets,Brush Cleaners,$28.0,4.1650165016501655
481964,481964,https://www.sephora.com/product/cinema-secrets-professional-lemon-brush-cleaner-starter-kit-P481964,Cinema Secrets,Professional Lemon Brush Cleaner Starter Kit - Cinema Secrets,Brush Cleaners,$48.0,4.666666666666667
513530,513530,https://www.sephora.com/product/clarins-double-serum-anti-aging-to-firm-boost-radiance-refine-pores-P513530,Clarins,"DOUBLE SERUM® To Firm, Boost Radiance & Refine Pores - Clarins",Face Serums,$140.0,4.341858648965248
483060,483060,https://www.sephora.com/product/clarins-lip-comfort-oil-P483060,Clarins,Lip Comfort Oil - Clarins,Lip Balms & Treatments,$32.0,4.268685567010309
515492,515492,https://www.sephora.com/product/hydrating-water-lip-stain-kiss-proof-matte-finish-P515492,Clarins,Hydrating Water Lip Stain Kiss-Proof & Matte Finish - Clarins,Lip Stain,$32.0,4.2727272727272725
506809,506809,https://www.sephora.com/product/cryo-flash-instant-lift-effect-glow-boosting-face-mask-P506809,Clarins,Cryo-Flash Instant Lift Effect & Glow Boosting Face Mask - Clarins,Face Masks,$80.0,4.787528868360277
512207,512207,https://www.sephora.com/product/clarins-lip-perfector-sheer-lip-gloss-P512207,Clarins,Lip Perfector Sheer Lip Gloss - Clarins,Lip Balms & Treatments,$30.0,4.662669864108713
404356,404356,https://www.sephora.com/product/reserve-skin-P404356,CLEAN RESERVE,Reserve - Skin - CLEAN RESERVE,Perfume,$118.0,4.3423271500843175
425661,425661,https://www.sephora.com/product/reserve-skin-travel-spray-P425661,CLEAN RESERVE,Reserve - Skin Travel Spray - CLEAN RESERVE,Rollerballs & Travel Size,$28.0,4.187739463601533
520194,520194,https://www.sephora.com/product/caramel-swirl-eau-de-parfum-travel-spray-P520194,CLEAN RESERVE,Caramel Swirl Eau de Parfum with Mango Travel Spray - CLEAN RESERVE,Rollerballs & Travel Size,$28.0,4.571428571428571
520191,520191,https://www.sephora.com/product/gourmand-goodies-gift-set-P520191,CLEAN RESERVE,Gourmand Goodies Layering Collection Gift Set - CLEAN RESERVE,Perfume Gift Sets,$34.0,4.5
514487,514487,https://www.sephora.com/product/whipped-cherry-eau-de-parfum-P514487,CLEAN RESERVE,Whipped Cherry Eau de Parfum with Vanilla and Coconut - CLEAN RESERVE,Perfume,$118.0,4.443449959316517
456552,456552,https://www.sephora.com/product/clean-reserve-radiant-nectar-P456552,CLEAN RESERVE,Reserve - Radiant Nectar - CLEAN RESERVE,Perfume,$118.0,4.122015915119364
404358,404358,https://www.sephora.com/product/P404358,CLEAN RESERVE,Reserve - Rain - CLEAN RESERVE,Perfume,$118.0,4.334883720930232
522061,522061,https://www.sephora.com/product/born-to-stand-out-fragrance-discovery-set-P522061,BORNTOSTANDOUT,Born To Stand Out Fragrance Discovery Set - BORNTOSTANDOUT,Perfume Gift Sets,$39.0,
520190,520190,https://www.sephora.com/product/musc-x-eau-intimite-travel-spray-with-ambroxan-P520190,BORNTOSTANDOUT,Musc X Eau Intimite Travel Spray with Ambroxan - BORNTOSTANDOUT,Rollerballs & Travel Size,$32.0,
522016,522016,https://www.sephora.com/product/sugar-addict-eau-de-parfum-travel-spray-P522016,BORNTOSTANDOUT,Sugar Addict Eau de Parfum Travel Spray with Cocoa - BORNTOSTANDOUT,Rollerballs & Travel Size,$39.0,
522260,522260,https://www.sephora.com/product/nanatopia-edp-eau-de-parfum-travel-spray-P522260,BORNTOSTANDOUT,Nanatopia Eau de Parfum Travel Spray with Banana - BORNTOSTANDOUT,Rollerballs & Travel Size,$39.0,
520200,520200,https://www.sephora.com/product/drunk-lovers-eau-de-parfum-travel-spray-P520200,BORNTOSTANDOUT,Drunk Lovers Eau de Parfum Travel Spray with Amber - BORNTOSTANDOUT,Rollerballs & Travel Size,$39.0,
521515,521515,https://www.sephora.com/product/define-edgelift-brush-for-curl-definition-styling-control-P521515,Bounce Curl,Define EdgeLift Brush for Curl Definition & Styling Control - Bounce Curl,Brushes & Combs,$30.0,5.0
521506,521506,https://www.sephora.com/product/hydra-lite-weightless-curl-defining-hair-cream-P521506,Bounce Curl,Hydra-Lite Weightless Curl Defining Hair Cream - Bounce Curl,Hair Styling Products,$28.0,
521511,521511,https://www.sephora.com/product/weightless-hydrating-shampoo-p521511-P521511,Bounce Curl,Weightless Hydrating Shampoo - Bounce Curl,Shampoo,$28.0,
521501,521501,https://www.sephora.com/product/volume-edgelift-brush-for-curl-definition-lift-styling-control-P521501,Bounce Curl,"Volume EdgeLift Brush for Curl Definition, Lift & Styling Control - Bounce Curl",Brushes & Combs,$30.0,
521504,521504,https://www.sephora.com/product/weightless-conditioning-mask-for-damaged-hair-P521504,Bounce Curl,Weightless Conditioning Mask for Damaged Hair - Bounce Curl,Hair Masks,$28.0,
502242,502242,https://www.sephora.com/product/milk-expressive-P502242,Commodity,Milk Expressive Eau de Parfum with Marshmallow & Mahogany Wood - Commodity,Perfume,$155.0,4.119777158774373
502315,502315,https://www.sephora.com/product/milk-bold-P502315,Commodity,Milk+ Bold Eau de Parfum with Marshmallow & Firewood - Commodity,Perfume,$155.0,4.390977443609023
513513,513513,https://www.sephora.com/product/commodity-scent-space-edit-discovery-fragrance-set-P513513,Commodity,Scent Space Edit - Eau de Parfum Sampler Set - Commodity,Perfume Gift Sets,$30.0,3.5454545454545454
502280,502280,https://www.sephora.com/product/milk-expressive-travel-spray-P502280,Commodity,Milk Expressive Eau de Parfum with Marshmallow & Mahogany Wood Travel Spray - Commodity,Rollerballs & Travel Size,$34.0,3.8506787330316743
502251,502251,https://www.sephora.com/product/milk-bold-travel-spray-P502251,Commodity,Milk+ Bold Eau de Parfum with Marshmallow & Firewood Travel Spray - Commodity,Rollerballs & Travel Size,$34.0,3.9571428571428573
429516,429516,https://www.sephora.com/product/full-spectrum-360-sun-silk-drops-spf-30-P429516,,,,,
396623,396623,https://www.sephora.com/product/makeup-setting-spray-spf30-P396623,,,,,
441645,441645,https://www.sephora.com/product/sunless-tan-firming-lotion-P441645,,,,,
418221,418221,https://www.sephora.com/product/sunless-tan-anti-aging-face-serum-P418221,,,,,
502003,502003,https://www.sephora.com/product/weightless-air-dry-curly-hair-cream-P502003,Curlsmith,Weightless Air-Dry Leave-in Conditioning Cream - Curlsmith,Leave-In Conditioner,$27.0,4.370967741935484
518013,518013,https://www.sephora.com/product/curl-discovery-kit-P518013,Curlsmith,Curl Discovery Kit - Curlsmith,Value & Gift Sets,$40.0,4.533333333333333
505806,505806,https://www.sephora.com/product/curlsmith-essential-moisture-conditioner-P505806,Curlsmith,Essential Moisture Conditioner - Curlsmith,Conditioner,$26.0,4.603448275862069
502005,502005,https://www.sephora.com/product/mini-weightless-air-dry-curly-hair-cream-P502005,Curlsmith,Mini Weightless Air-Dry Leave-in Conditioning Cream - Curlsmith,Leave-In Conditioner,$12.5,4.370967741935484
502068,502068,https://www.sephora.com/product/mini-hydro-style-flexi-hair-jelly-P502068,Curlsmith,Mini Hydro Style Flexible Curl Gel - Curlsmith,Mini Size,$12.5,4.67948717948718
520224,520224,https://www.sephora.com/product/cyklar-ceramide-milky-essence-for-full-body-hydration-P520224,Cyklar,,Mists & Essences,,
520255,520255,https://www.sephora.com/product/cyklar-vanilla-verve-mandelic-acid-brightening-deodorant-gel-with-48-hour-odor-protection-P520255,Cyklar,Vanilla Verve Mandelic Acid Brightening Deodorant Gel with 48-Hour Odor Protection - Cyklar,Deodorant & Antiperspirant,$20.0,4.829268292682927
520239,520239,https://www.sephora.com/product/cyklar-vanilla-verve-in-shower-body-oil-balm-with-ceramides-P520239,Cyklar,Vanilla Verve In-Shower Body Oil Balm with Ceramides - Cyklar,Body Lotions & Body Oils,$32.0,4.976744186046512
520232,520232,https://www.sephora.com/product/cyklar-vanilla-verve-sensorial-body-wash-for-moisture-barrier-P520232,Cyklar,Vanilla Verve Sensorial Body Wash for Moisture Barrier - Cyklar,Body Wash & Shower Gel,$35.0,4.897435897435898
520253,520253,https://www.sephora.com/product/cyklar-sacred-santal-sensorial-body-wash-for-moisture-barrier-P520253,Cyklar,Sacred Santal Sensorial Body Wash for Moisture Barrier - Cyklar,Body Wash & Shower Gel,$35.0,4.9743589743589745
472021,472021,https://www.sephora.com/product/dam-dam-mochi-mochi-luminous-plumping-moisturizer-P472021,DAMDAM,Mochi Mochi Luminous Plumping Moisturizer - DAMDAM,Face Creams,$48.0,4.631067961165049
516438,516438,https://www.sephora.com/product/hydrating-rejuvenating-bestseller-set-bento-box-P516438,DAMDAM,Hydrating & Rejuvenating Bestseller Set Bento Box - DAMDAM,Value & Gift Sets,$42.0,5.0
516233,516233,https://www.sephora.com/product/ginkgo-light-bouncy-water-cream-moisturizer-P516233,DAMDAM,Ginkgo Light & Bouncy Water Cream Moisturizer - DAMDAM,Face Creams,$48.0,4.853448275862069
506907,506907,https://www.sephora.com/product/citrus-glow-vitamin-c-hyaluronic-acid-serum-P506907,DAMDAM,Citrus Glow Vitamin C & Hyaluronic Acid Serum - DAMDAM,Face Serums,$68.0,4.8520408163265305
519772,519772,https://www.sephora.com/product/dam-dam-ume-plum-fine-line-serum-P519772,DAMDAM,Ume Plum Firming and Tightening Serum - DAMDAM,Face Serums,$68.0,4.857142857142857
484039,484039,https://www.sephora.com/product/danessa-myricks-beauty-yummy-skin-blurring-balm-powder-P484039,Danessa Myricks Beauty,Yummy Skin Blurring Balm Powder - Danessa Myricks Beauty,Foundation,$39.0,4.021519543258674
514793,514793,https://www.sephora.com/product/danessa-myricks-beauty-yummy-skin-blurring-balm-powder-universal-P514793,Danessa Myricks Beauty,Yummy Skin Blurring Balm Powder -Universal Primer - Danessa Myricks Beauty,Face Primer,$39.0,4.363636363636363
516894,516894,https://www.sephora.com/product/yummy-skin-liquid-blurring-balm-mattifying-setting-spray-P516894,Danessa Myricks Beauty,Yummy Skin Liquid Blurring Balm Mattifying Setting Spray - Danessa Myricks Beauty,Setting Spray & Powder,$36.0,4.531969309462916
468353,468353,https://www.sephora.com/product/danessa-myricks-colorfix-24-hour-cream-color-P468353,Danessa Myricks Beauty,"Colorfix Eye, Cheek & Lip Cream Pigment - Danessa Myricks Beauty",Eyeshadow,$22.0,4.495356037151703
481694,481694,https://www.sephora.com/product/danessa-myricks-beauty-yummy-skin-serum-foundation-P481694,Danessa Myricks Beauty,Yummy Skin Serum Foundation - Danessa Myricks Beauty,Foundation,$37.0,3.679558011049724
481968,481968,https://www.sephora.com/product/P481968,Danessa Myricks Beauty,Infinite Chrome Flakes Multichrome Gel for Eyes & Face - Danessa Myricks Beauty,Eyeshadow,$28.0,3.913127413127413
512652,512652,https://www.sephora.com/product/davines-oi-all-in-one-hair-milk-for-softness-shine-P512652,Davines,OI All In One Hair Milk for Softness and Shine - Davines,Leave-In Conditioner,$45.0,4.5
512683,512683,https://www.sephora.com/product/davines-oi-conditioner-for-softness-shine-P512683,Davines,OI Conditioner for Softness and Shine - Davines,Conditioner,$50.0,4.642585551330798
512668,512668,https://www.sephora.com/product/davines-oi-shampoo-for-softness-shine-P512668,Davines,OI Shampoo for Softness and Shine - Davines,Shampoo,$43.0,4.5643939393939394
512756,512756,https://www.sephora.com/product/davines-energizing-shampoo-P512756,Davines,Energizing Shampoo for Thinning Hair - Davines,Shampoo,$40.0,4.77027027027027
512656,512656,https://www.sephora.com/product/davines-oi-oil-for-softness-shine-P512656,Davines,OI Hair Oil for Softness and Shine - Davines,Hair Oil,$57.0,4.701639344262295
510404,510404,https://www.sephora.com/product/dedcool-xtra-milk-eau-de-parfum-travel-spray-P510404,DedCool,Xtra Milk Eau de Parfum Travel Spray - DedCool,Rollerballs & Travel Size,$30.0,3.930275229357798
516023,516023,https://www.sephora.com/product/dedcool-discovery-set-P516023,DedCool,Discovery Set - DedCool,Perfume Gift Sets,$28.0,4.437037037037037
510394,510394,https://www.sephora.com/product/dedcool-xtra-milk-eau-de-parfum-P510394,DedCool,Xtra Milk Eau de Parfum - DedCool,Perfume,$90.0,3.930275229357798
515587,515587,https://www.sephora.com/product/mochi-milk-eau-de-parfum-travel-spray-P515587,DedCool,,Rollerballs & Travel Size,,
515586,515586,https://www.sephora.com/product/dedcool-mochi-milk-eau-de-parfum-P515586,DedCool,Mochi Milk Eau de Parfum - DedCool,Perfume,$90.0,4.429054054054054
430809,430809,https://www.sephora.com/product/the-essentials-P430809,DERMAFLASH,The Essentials Anti-Aging Exfoliation Replenishment Kit - DERMAFLASH,Value & Gift Sets,$87.0,4.421052631578948
429043,429043,https://www.sephora.com/product/dermaflash-2-0-facial-exfoliation-peach-fuzz-removal-P429043,DERMAFLASH,LUXE Anti-Aging Dermaplaning Exfoliation Device - DERMAFLASH,Anti-Aging,$199.0,3.9414634146341463
513245,513245,https://www.sephora.com/product/dermaflash-dermapore-tm-ultrasonic-pore-extractor-skincare-infuser-P513245,DERMAFLASH,DERMAPORE+&#8482; Ultrasonic Pore Extractor + Skincare Infuser - DERMAFLASH,Value & Gift Sets,$109.0,3.75
423688,423688,https://www.sephora.com/product/daily-microfoliant-P423688,Dermalogica,Daily Microfoliant Exfoliator - Dermalogica,Exfoliators,$69.0,4.648691202519189
443352,443352,https://www.sephora.com/product/mini-daily-microfoliant-exfoliator-P443352,Dermalogica,Mini Daily Microfoliant Exfoliator - Dermalogica,Mini Size,$19.5,4.648691202519189
423148,423148,https://www.sephora.com/product/precleanse-P423148,Dermalogica,Precleanse Cleansing Oil - Dermalogica,Face Wash & Cleansers,$49.0,4.422077922077922
423136,423136,https://www.sephora.com/product/special-cleansing-gel-P423136,Dermalogica,,Face Wash & Cleansers,,
502326,502326,https://www.sephora.com/product/dynamic-skin-recovery-spf50-moisturizer-P502326,Dermalogica,Dynamic Skin Recovery Moisturizer Sunscreen SPF 50 - Dermalogica,Face Sunscreen,$85.0,4.627840909090909
445832,445832,https://www.sephora.com/product/clearing-skin-wash-P445832,,,,,
443354,443354,https://www.sephora.com/product/dynamic-skin-recovery-spf50-P443354,,,,,
443366,443366,https://www.sephora.com/product/prisma-protect-spf-30-moisturizer-P443366,,,,,
456582,456582,https://www.sephora.com/product/dermalogica-invisible-physical-defense-sunscreen-spf-30-P456582,,,,,
521495,521495,https://www.sephora.com/product/dezi-skin-agua-fresca-eye-cream-P521495,Dezi Skin,Agua Fresca Cooling & Smoothing Eye Cream with Aloe & Guayusa - Dezi Skin,Eye Creams & Treatments,$38.0,5.0
517943,517943,https://www.sephora.com/product/skin-so-balm-makeup-melting-cleansing-balm-P517943,Dezi Skin,Skin So Balm Makeup Melting Cleansing Balm - Dezi Skin,Makeup Removers,$39.0,4.777777777777778
517962,517962,https://www.sephora.com/product/agua-fresca-thirst-quenching-gel-creme-moisturizer-P517962,Dezi Skin,Agua Fresca Thirst Quenching Gel-Cr&#232;me Moisturizer - Dezi Skin,Face Creams,$48.0,4.96
517965,517965,https://www.sephora.com/product/claro-que-c-vitamin-c-glow-serum-P517965,Dezi Skin,Claro Que C Vitamin C Glow Serum - Dezi Skin,Face Serums,$68.0,4.864
517949,517949,https://www.sephora.com/product/sephora-exclusive-set-P517949,Dezi Skin,Radiance Renewal Duo Hydrating & Brightening Bundle - Dezi Skin,Value & Gift Sets,$52.0,5.0
510288,510288,https://www.sephora.com/product/dieux-instant-angel-lipid-rich-barrier-repair-cream-with-ceramides-P510288,Dieux,Instant Angel Lipid-Rich Firming Moisturizer - Dieux,Face Creams,$45.0,4.582315583781143
510260,510260,https://www.sephora.com/product/dieux-deliverance-antioxidant-niacinamide-serum-for-calm-even-skin-P510260,Dieux,"Deliverance 3-in-1 Repair Serum for Redness, Wrinkles, Dark Spots - Dieux",Face Serums,$69.0,4.7693069306930695
510284,510284,https://www.sephora.com/product/dieux-forever-eye-mask-reusable-100-silicone-patches-P510284,Dieux,Forever Eye Mask Reusable 100% Silicone Patches - Dieux,Eye Masks,$25.0,4.722129783693844
517955,517955,https://www.sephora.com/product/instant-angel-travel-size-25ml-P517955,Dieux,Mini Instant Angel Lipid & Peptide-Rich Moisturizer + Barrier Repair - Dieux,Skincare,$25.0,4.582315583781143
510269,510269,https://www.sephora.com/product/dieux-air-angel-collagen-peptide-hydrating-gel-cream-P510269,Dieux,Air Angel Peptide Plumping Gel Cream - Dieux,Face Creams,$44.0,4.72927072927073
519637,519637,https://www.sephora.com/product/dior-lip-glow-oil-hydrating-high-shine-gloss-P519637,DIOR,Lip Glow Oil Hydrating High-Shine Gloss - DIOR,Lip Gloss,$42.0,4.706666666666667
517565,517565,https://www.sephora.com/product/backstage-face-glow-maximizer-palette-P517565,DIOR,Backstage Glow Maximizer Face Palette - DIOR,Makeup Palettes,$54.0,4.555882352941176
514572,514572,https://www.sephora.com/product/dior-addict-lip-glow-balm-P514572,DIOR,Dior Addict Lip Glow Balm - DIOR,Lip Balms & Treatments,$42.0,4.440506329113924
512480,512480,https://www.sephora.com/product/dior-forever-skin-perfect-24h-multi-use-foundation-P512480,DIOR,Forever Skin Perfect 24H Multi-Use Foundation Stick - DIOR,Foundation,$57.0,4.42545260915868
186805,186805,https://www.sephora.com/product/dior-addict-lip-maximizer-plumping-gloss-P186805,DIOR,Dior Addict Lip Maximizer Plumping Gloss - DIOR,Lip Plumper,$42.0,4.435477427087495
518346,518346,https://www.sephora.com/product/hol25-devotion-mini-duo-my-devotion-devotion-edpi-P518346,Dolce&Gabbana,Mini Devotion Duo Perfume Gift Set - Dolce&Gabbana,Perfume Gift Sets,$35.0,4.0
518348,518348,https://www.sephora.com/product/hol25-light-blue-pour-homme-edt-50-10ml-P518348,Dolce&Gabbana,Light Blue Pour Homme Eau de Toilette Mini Gift Set - Dolce&Gabbana,Fragrance Sets,$77.0,
512505,512505,https://www.sephora.com/product/dolce-gabbana-mini-light-blue-eau-de-toilette-set-P512505,Dolce&Gabbana,Mini Light Blue Eau de Toilette Set - Dolce&Gabbana,Perfume Gift Sets,$40.0,4.137931034482759
406330,406330,https://www.sephora.com/product/the-one-for-men-eau-de-parfum-P406330,Dolce&Gabbana,The One For Men Eau De Parfum - DOLCE&GABBANA,Cologne,$145.0,4.577405857740586
520268,520268,https://www.sephora.com/product/the-one-pour-homme-parfum-P520268,Dolce&Gabbana,The One For Men Parfum with Tobacco - Dolce&Gabbana,Cologne,$190.0,4.521739130434782
12420,12420,https://www.sephora.com/product/light-blue-P12420,Dolce&Gabbana,Light Blue Eau de Toilette  with Lemon & Apple - Dolce&Gabbana,Perfume,$148.0,4.528350515463917
195321,195321,https://www.sephora.com/product/the-one-P195321,Dolce&Gabbana,The One - DOLCE&GABBANA,Perfume,$165.0,4.573788546255507
186402,186402,https://www.sephora.com/product/light-blue-pour-homme-P186402,,,,,
418849,418849,https://www.sephora.com/product/light-blue-pour-femme-eau-intense-P418849,Dolce&Gabbana,Light Blue Eau Intense - DOLCE&GABBANA,Perfume,$100.0,4.311320754716981
380541,380541,https://www.sephora.com/product/cashmere-mist-deodorant-P380541,Donna Karan,Cashmere Mist Deodorant - Donna Karan,Deodorant & Antiperspirant,$32.0,4.3517964071856285
509851,509851,https://www.sephora.com/product/donna-karan-cashmere-mist-eau-de-parfum-discovery-set-P509851,Donna Karan,Cashmere Mist Deo & Eau de Parfum Discovery Set - Donna Karan,Perfume Gift Sets,$35.0,4.407407407407407
503730,503730,https://www.sephora.com/product/cashmere-mist-aluminum-free-alcohol-free-deodorant-P503730,Donna Karan,Cashmere Mist Aluminum Free/Alcohol Free Deodorant - Donna Karan,Deodorant & Antiperspirant,$32.0,2.828125
41391,41391,https://www.sephora.com/product/cashmere-mist-eau-de-parfum-P41391,Donna Karan,,Perfume,,
508626,508626,https://www.sephora.com/product/cashmere-mist-eau-de-parfum-travel-spray-P508626,Donna Karan,Cashmere Mist Eau de Parfum Travel Spray - Donna Karan,Rollerballs & Travel Size,$32.0,3.3333333333333335
513765,513765,https://www.sephora.com/product/dr-barbara-sturm-discovery-kit-P513765,Dr. Barbara Sturm,"Discovery Kit — 7-Piece Travel Skincare Set for Cleansing, Hydrating & Anti-Aging Care - Dr. Barbara",Value & Gift Sets,$150.0,3.75
448554,448554,https://www.sephora.com/product/dr-barbara-sturm-enzyme-cleanser-P448554,Dr. Barbara Sturm,Enzyme Cleanser - Dr. Barbara Sturm,Face Wash & Cleansers,$80.0,4.45
447783,447783,https://www.sephora.com/product/dr-barbara-sturm-cleanser-P447783,Dr. Barbara Sturm,Cleanser - Dr. Barbara Sturm,Face Wash & Cleansers,$80.0,4.3875
447212,447212,https://www.sephora.com/product/dr-barbara-sturm-hyaluronic-serum-P447212,Dr. Barbara Sturm,,Face Serums,,
477150,477150,https://www.sephora.com/product/dr-barbara-sturm-super-anti-aging-eye-cream-P477150,Dr. Barbara Sturm,Super Anti-Aging Eye Cream - Dr. Barbara Sturm,Eye Creams & Treatments,$225.0,4.6299212598425195
447781,447781,https://www.sephora.com/product/dr-barbara-sturm-face-cream-P447781,Dr. Barbara Sturm,Face Cream - Dr. Barbara Sturm,Face Creams,$240.0,4.368331922099915
447787,447787,https://www.sephora.com/product/dr-barbara-sturm-super-anti-aging-serum-P447787,Dr. Barbara Sturm,Super Anti-Aging Serum - Dr. Barbara Sturm,Face Serums,$380.0,4.470779220779221
447790,447790,https://www.sephora.com/product/dr-barbara-sturm-anti-pollution-drops-P447790,,,,,
377533,377533,https://www.sephora.com/product/alpha-beta-universal-daily-peel-P377533,Dr. Dennis Gross Skincare,Alpha Beta® Universal Daily Peel - Dr. Dennis Gross Skincare,Facial Peels,$94.0,4.446700507614213
269122,269122,https://www.sephora.com/product/alpha-beta-peel-extra-strength-daily-peel-P269122,Dr. Dennis Gross Skincare,Alpha Beta® Extra Strength Daily Peel - Dr. Dennis Gross Skincare,Facial Peels,$94.0,4.538013210723999
506789,506789,https://www.sephora.com/product/derminfusions-tm-plump-repair-lip-treatment-with-hyaluronic-acid-P506789,Dr. Dennis Gross Skincare,DermInfusions&#8482; Plump + Repair Lip Treatment with Hyaluronic Acid - Dr. Dennis Gross Skincare,Lip Balms & Treatments,$28.0,3.995490417136415
425869,425869,https://www.sephora.com/product/alpha-beta-r-universal-daily-peel-mini-P425869,Dr. Dennis Gross Skincare,Mini Alpha Beta® Universal Daily Peel - Dr. Dennis Gross Skincare,Mini Size,$20.0,4.4760994263862335
398761,398761,https://www.sephora.com/product/alpha-beta-ultra-gentle-daily-peel-sensitive-skin-P398761,Dr. Dennis Gross Skincare,Alpha Beta® Ultra Gentle Daily Peel for Sensitive Skin - Dr. Dennis Gross Skincare,Facial Peels,$94.0,4.302919708029197
515374,515374,https://www.sephora.com/product/barrier-baste-moisturizing-lip-balm-P515374,Dr. Idriss,Barrier Baste Moisturizing Lip Balm - Dr. Idriss,Lip Balms & Treatments,$24.0,4.494949494949495
510575,510575,https://www.sephora.com/product/major-fade-hyper-serum-dark-spot-treatment-P510575,Dr. Idriss,Major Fade Hyper Serum Dark Spot + Hyperpigmentation Treatment with Niacinamide and Glycerin - Dr. I,Face Serums,$68.0,4.37460815047022
519838,519838,https://www.sephora.com/product/dr-idriss-left-un-red-calm-back-rich-face-moisturizer-for-redness-and-skin-barrier-health-P519838,Dr. Idriss,Left Un-Red CalmBack Rich Face Moisturizer for Redness and Skin Barrier Health - Dr. Idriss,Moisturizers,$58.0,4.293577981651376
510556,510556,https://www.sephora.com/product/major-fade-dark-spot-aha-face-mask-P510556,Dr. Idriss,"Major Fade Dark Spot AHA Face Mask with Glycolic Acid, Panthenol, and Glycerin - Dr. Idriss",Face Masks,$48.0,4.622895622895623
510561,510561,https://www.sephora.com/product/major-fade-active-seal-dark-spot-vitamin-c-gel-moisturizer-P510561,Dr. Idriss,Major Fade Active Seal Dark Spot Vitamin C and Peptide Gel Moisturizer - Dr. Idriss,Face Creams,$58.0,4.578842315369261
520342,520342,https://www.sephora.com/product/cryo-rubber-mask-moisturizing-P520342,Dr. Jart+,Cryo Rubber&#8482; Moisturizing Face Mask with Hyaluronic Acid - Dr. Jart+,Face Masks,$11.2,4.574358974358974
520370,520370,https://www.sephora.com/product/cryo-rubber-mask-firming-P520370,Dr. Jart+,Cryo Rubber&#8482; Firming Peptide Face Mask - Dr. Jart+,Sheet Masks,$11.2,4.633333333333334
520334,520334,https://www.sephora.com/product/cryo-rubber-mask-brightening-P520334,Dr. Jart+,Cryo Rubber&#8482; Brightening Face Mask with Niacinamide - Dr. Jart+,Sheet Masks,$11.2,4.715736040609137
520360,520360,https://www.sephora.com/product/cryo-rubber-mask-soothing-P520360,Dr. Jart+,Cryo Rubber&#8482; Soothing Face Mask with Allantoin - Dr. Jart+,Sheet Masks,$11.2,4.769633507853404
520361,520361,https://www.sephora.com/product/hydro-firming-mask-P520361,Dr. Jart+,Hydro Firming Korean Face Mask with Hydrolyzed Collagen - Dr. Jart+,Value & Gift Sets,$7.0,4.5
411540,411540,https://www.sephora.com/product/cicapair-tiger-grass-color-correcting-treatment-spf-30-P411540,,,,,
434364,434364,https://www.sephora.com/product/ceramidin-tm-liquid-P434364,,,,,
434363,434363,https://www.sephora.com/product/ceramidin-tm-cream-P434363,,,,,
411539,411539,https://www.sephora.com/product/cicapair-tiger-grass-cream-P411539,,,,,
423259,423259,https://www.sephora.com/product/tiger-grass-re-pair-serum-P423259,,,,,
427421,427421,https://www.sephora.com/product/protini-tm-polypeptide-cream-P427421,Drunk Elephant,Protini&trade; Polypeptide Firming Moisturizer - Drunk Elephant,Face Creams,$72.0,4.048323954000489
446938,446938,https://www.sephora.com/product/drunk-elephant-lala-retro-whipped-moisturizer-with-ceramides-P446938,Drunk Elephant,Lala Retro™ Whipped Moisturizer with Ceramides - Drunk Elephant,Face Creams,$66.0,4.093827930174563
406712,406712,https://www.sephora.com/product/b-hydra-intensive-hydration-gel-P406712,Drunk Elephant,B-Hydra™ Intenstive Hydration Serum with Hyaluronic Acid - Drunk Elephant,Face Serums,$54.0,4.273423538422262
432668,432668,https://www.sephora.com/product/d-bronzi-tm-anti-pollution-sunshine-serum-P432668,Drunk Elephant,D-Bronzi™ Anti-Pollution Bronzing Drops - Drunk Elephant,Face Serums,$39.0,4.281390470482469
509261,509261,https://www.sephora.com/product/drunk-elephant-bora-barrier-repairing-moisturizer-P509261,Drunk Elephant,Bora Barrier Rich Repair Refillable Cream with 6-Butterlipid Complex - Drunk Elephant,Face Creams,$74.0,4.4198047419804745
392246,392246,https://www.sephora.com/product/t-l-c-framboos-tm-glycolic-night-serum-P392246,Drunk Elephant,T.L.C. Framboos™ Glycolic Resurfacing Night Serum - Drunk Elephant,Face Serums,$90.0,4.3184107442641295
415777,415777,https://www.sephora.com/product/t-l-c-sukari-babyfacial-P415777,Drunk Elephant,T.L.C. Sukari Babyfacial&trade; AHA + BHA Mask - Drunk Elephant,Face Masks,$80.0,4.262999246420497
434224,434224,https://www.sephora.com/product/hot-toddy-heat-protectant-mist-P434224,Drybar,Hot Toddy Heat Protectant Mist - Drybar,Hair Primers,$31.0,4.23314606741573
512466,512466,https://www.sephora.com/product/drybar-triple-shot-interchangeable-hair-blow-dryer-brush-P512466,Drybar,Triple Shot Interchangeable Hair Blow Dryer Brush - Drybar,Blow Dry Brushes,$190.0,4.426229508196721
378162,378162,https://www.sephora.com/product/hold-me-hair-clips-P378162,Drybar,Hold Me Hair Clips - Drybar,Hair Clips & Claw Clips,$19.0,4.344927536231884
388516,388516,https://www.sephora.com/product/high-tops-self-grip-rollers-P388516,Drybar,High Tops Self-Grip Rollers - Drybar,Curling Irons,$12.0,3.5755395683453237
378169,378169,https://www.sephora.com/product/detox-dry-shampoo-P378169,Drybar,Detox Dry Shampoo - Drybar,Dry Shampoo,$30.0,3.7733652858610065
453282,453282,https://www.sephora.com/product/drybar-the-double-shot-blow-dryer-brush-P453282,Drybar,The Double Shot Blow-Dryer Brush - Drybar,Blow Dry Brushes,$155.0,4.114467408585056
411585,411585,https://www.sephora.com/product/prep-rally-prime-prep-detangler-P411585,Drybar,Prep Rally Prime & Prep Detangler - Drybar,Hair Primers,$29.0,4.045813586097946
454054,454054,https://www.sephora.com/product/drybar-liquid-glass-smoothing-shampoo-P454054,Drybar,Liquid Glass Smoothing Shampoo - Drybar,Shampoo,$32.0,3.9172413793103447
378171,378171,https://www.sephora.com/product/southern-belle-volumizing-mousse-P378171,Drybar,Southern Belle Volume-Boosting Mousse - Drybar,Hair Styling Products,$31.0,4.008438818565401
387891,387891,https://www.sephora.com/product/brush-on-adhesive-P387891,DUO,Brush On Adhesive - DUO,False Eyelashes,$9.0,4.012759170653908
518112,518112,https://www.sephora.com/product/special-edition-airwrap-i-d-multi-styler-dryer-for-straight-to-wavy-hair-in-amber-silk-P518112,Dyson,,Hair,,
517824,517824,https://www.sephora.com/product/dyson-airwrap-co-anda2x-multi-styler-dryer-for-straight-to-wavy-hair-P517824,Dyson,Airwrap Co-anda2x™ Multi-Styler and Dryer for Straight to Wavy Hair - Dyson,Blow Dry Brushes,$749.0,4.120481927710843
516031,516031,https://www.sephora.com/product/large-round-volumizing-brush-airwrap-attachment-P516031,Dyson,Airwrap™ Large Round Brush Attachment - Dyson,Hair Tool Attachments & Diffusers,$39.0,4.380952380952381
516011,516011,https://www.sephora.com/product/wave-curl-diffuser-airwrap-attachment-P516011,Dyson,Airwrap™ Wave + Curl Diffuser Attachment - Dyson,Hair Tool Attachments & Diffusers,$39.0,3.857142857142857
437979,437979,https://www.sephora.com/product/dyson-airwrap-styler-P437979,,,,,
476451,476451,https://www.sephora.com/product/dyson-dyson-supersonic-trade-hair-dryer-P476451,,,,,
511921,511921,https://www.sephora.com/product/eadem-le-chouchou-exfoliating-softening-peptide-lip-balm-P511921,EADEM,Le Chouchou Exfoliating + Softening Peptide Lip Balm - EADEM,Lip Balms & Treatments,$24.0,4.450704225352113
517954,517954,https://www.sephora.com/product/the-mark-advance-dark-spot-concentrate-P517954,EADEM,"The Mark Advanced Targeted Dark Spot Concentrate with 5% Tranexamic Acid, 1% Alpha Arbutin & 1% Koji",Face Serums,$38.0,4.799208704253215
475932,475932,https://www.sephora.com/product/milk-marvel-dark-spot-serum-P475932,EADEM,Milk Marvel Dark Spot Serum with Niacinamide and Vitamin C - EADEM,Face Serums,$68.0,4.633492822966507
509392,509392,https://www.sephora.com/product/eadem-cashmere-peel-gentle-aha-pha-exfoliating-toner-with-9-lactic-azelaic-tranexamic-acids-P509392,EADEM,"Cashmere Peel Milky Exfoliant & Hydrating Essence — Daily AHA + PHA Formula with 9% Azelaic, Lactic",Toners,$42.0,4.8137614678899086
481701,481701,https://www.sephora.com/product/eadem-cloud-cushion-airy-brightening-moisturizer-P481701,EADEM,Cloud Cushion Plush Moisturizer with Ceramides + Peptides - EADEM,Face Creams,$48.0,4.790055248618785
520310,520310,https://www.sephora.com/product/minis-set-P520310,Ebb Ocean Club,Mini Instant Slip & Shine Hydrating Hair Set - Ebb Ocean Club,Value & Gift Sets,$29.0,5.0
520326,520326,https://www.sephora.com/product/instant-slip-shine-shampoo-P520326,Ebb Ocean Club,Instant Slip & Shine Hydrating Shampoo - Ebb Ocean Club,Shampoo,$23.0,4.946153846153846
520336,520336,https://www.sephora.com/product/instant-slip-shine-rescue-mask-P520336,Ebb Ocean Club,Instant Slip & Shine Deep Treatment Repair Hair Mask - Ebb Ocean Club,Hair Masks,$26.0,4.978494623655914
520369,520369,https://www.sephora.com/product/instant-slip-shine-conditioner-P520369,Ebb Ocean Club,Instant Slip & Shine Hydrating Conditioner - Ebb Ocean Club,Conditioner,$23.0,4.921739130434783
520315,520315,https://www.sephora.com/product/instant-slip-shine-spray-P520315,Ebb Ocean Club,Instant Slip & Shine Detangling Leave-In Conditioner - Ebb Ocean Club,Leave-In Conditioner,$21.0,4.940677966101695
515725,515725,https://www.sephora.com/product/mini-o2-growth-factor-eight-active-multitasking-moisturizer-P515725,Element Eight,,Face Creams,,
515707,515707,https://www.sephora.com/product/mini-o2-peptide-firm-perfect-moisturizer-for-wrinkles-aging-skin-P515707,Element Eight,Mini O2 Peptide Firm Perfect Moisturizer for Wrinkles and Aging Skin - Element Eight,Face Creams,$95.0,4.628318584070796
515730,515730,https://www.sephora.com/product/o2-niacinamide-eight-active-serum-for-dark-spots-and-wrinkles-P515730,Element Eight,Mini O2 Niacinamide Eight Active Serum for Dark Spots & Wrinkles - Element Eight,Face Serums,$185.0,4.6929460580912865
515722,515722,https://www.sephora.com/product/o2-niacinamide-eight-active-multitasking-serum-P515722,Element Eight,O2 Niacinamide Eight Active Multitasking Serum - Element Eight,Face Serums,$325.0,4.6929460580912865
515717,515717,https://www.sephora.com/product/o2-growth-factor-eight-active-brightening-and-firming-cream-P515717,Element Eight,O2 Growth Factor Eight Active Brightening & Firming Cream - Element Eight,Face Creams,$275.0,4.676470588235294
510323,510323,https://www.sephora.com/product/elemis-pro-collagen-makeup-melting-cleansing-balm-P510323,Elemis,Pro-Collagen Makeup Melting Cleansing Balm - Elemis,Makeup Removers,$42.0,4.766034482758621
510338,510338,https://www.sephora.com/product/elemis-dynamic-gentle-resurfacing-pads-with-lactic-acid-P510338,Elemis,Dynamic Gentle Resurfacing Pads with Lactic Acid - Elemis,Exfoliators,$67.0,4.820677820677821
510511,510511,https://www.sephora.com/product/elemis-superfood-overnight-prebiotic-cream-P510511,Elemis,Superfood Overnight Prebiotic Cream - Elemis,Face Creams,$62.0,4.818960244648318
510337,510337,https://www.sephora.com/product/elemis-pro-collagen-anti-aging-marine-cream-spf-30-P510337,Elemis,Pro-Collagen Anti Aging Marine Cream SPF 30 - Elemis,Face Creams,$52.0,4.84741144414169
510313,510313,https://www.sephora.com/product/elemis-dynamic-gentle-resurfacing-enzyme-cleanser-P510313,Elemis,Dynamic Gentle Resurfacing Enzyme Cleanser - Elemis,Face Wash & Cleansers,$57.0,4.764516129032258
520292,520292,https://www.sephora.com/product/banana-milkshake-hair-body-fragrance-mist-P520292,Ellis Brooklyn,BANANA MILKSHAKE Hair and Body Fragrance Mist - Ellis Brooklyn,Body Mist & Hair Mist,$39.0,3.5645933014354068
515349,515349,https://www.sephora.com/product/ellis-brooklyn-marshmallows-hair-body-fragrance-mist-P515349,Ellis Brooklyn,MARSHMALLOWS Hair and Body Fragrance Mist - Ellis Brooklyn,Body Mist & Hair Mist,$39.0,4.286274509803921
515369,515369,https://www.sephora.com/product/mini-marshmallows-hair-body-fragrance-mist-P515369,Ellis Brooklyn,Mini MARSHMALLOWS Hair and Body Fragrance Mist - Ellis Brooklyn,Mini Size,$26.0,4.286274509803921
511416,511416,https://www.sephora.com/product/ellis-brooklyn-miami-nectar-eau-de-parfum-P511416,Ellis Brooklyn,MIAMI NECTAR Eau de Parfum with Coconut and Pink Pineapple - Ellis Brooklyn,Perfume,$115.0,4.208163265306123
517976,517976,https://www.sephora.com/product/ellis-brooklyn-beach-club-mini-perfume-duo-set-P517976,Ellis Brooklyn,BEACH CLUB Fragrance Mini Duo with Pink Pineapple and Guava Perfume Gift Set - Ellis Brooklyn,Perfume Gift Sets,$35.0,3.8666666666666667
520302,520302,https://www.sephora.com/product/big-effing-clip-hair-claw-in-twilight-angel-P520302,Emi Jay,Big Effing Clip® Hair Claw in Twilight Angel - Emi Jay,Hair Clips & Claw Clips,$38.0,5.0
515307,515307,https://www.sephora.com/product/big-effing-hair-claw-clip-in-buttercream-P515307,Emi Jay,Big Effing Clip&#174; Hair Claw in Buttercream - Emi Jay,Hair Clips & Claw Clips,$36.0,4.555555555555555
515301,515301,https://www.sephora.com/product/big-effing-hair-claw-clip-in-toasted-P515301,Emi Jay,Big Effing Clip&#174; Hair Claw in Toasted - Emi Jay,Hair Clips & Claw Clips,$36.0,4.769230769230769
520303,520303,https://www.sephora.com/product/big-effing-clip-hair-claw-in-everyday-angel-P520303,Emi Jay,Big Effing Clip® Hair Claw in Everyday Angel - Emi Jay,Hair Clips & Claw Clips,$38.0,4.814814814814815
520309,520309,https://www.sephora.com/product/sweetheart-hair-claw-clip-in-blush-drop-P520309,Emi Jay,Sweetheart Hair Claw Clip in Blush Drop - Emi Jay,Hair Clips & Claw Clips,$36.0,5.0
521605,521605,https://www.sephora.com/product/erborian-cc-cream-color-corrector-for-natural-luminous-finish-with-korean-centella-asiatica-extract-P521605,Erborian,CC Cream Color-Corrector for Natural Luminous Finish with Korean Centella Asiatica Extract - Erboria,BB & CC Cream,$46.0,4.841772151898734
521602,521602,https://www.sephora.com/product/cc-red-correct-green-color-corrector-spf-25-to-cover-redness-with-korean-centella-asiatica-extract-P521602,Erborian,"CC Red Correct Green Color-Corrector SPF 25 to Cover Redness, with Korean Centella Asiatica Extract",BB & CC Cream,$46.0,4.788927335640138
521603,521603,https://www.sephora.com/product/erborian-centella-red-serum-for-visible-redness-immediate-soothing-effect-on-sensitive-skin-P521603,Erborian,Centella Red Serum for Visible Redness & Immediate Soothing Effect on Sensitive Skin - Erborian,Face Serums,$39.0,4.717703349282297
521604,521604,https://www.sephora.com/product/erborian-centella-barrier-cream-cica-repair-balm-strengthen-skin-barrier-soothe-skin-P521604,Erborian,"Centella Barrier Cream Cica Repair Balm, Strengthen Skin Barrier & Soothe Skin - Erborian",Face Creams,$35.0,4.927536231884058
521606,521606,https://www.sephora.com/product/erborian-centella-cleansing-oil-gentle-face-eye-makeup-remover-with-centella-asiatica-P521606,Erborian,"Centella Cleansing Oil, Gentle Face & Eye Makeup Remover with Centella Asiatica - Erborian",Cleansers,$29.0,4.912280701754386
378284,378284,https://www.sephora.com/product/double-wear-stay-in-place-makeup-P378284,Estée Lauder,Double Wear Stay-in-Place Foundation - Est&#233;e Lauder,Foundation,$52.0,4.362358845671268
520286,520286,https://www.sephora.com/product/double-wear-stay-in-place-lightweight-matte-foundation-with-36-hour-wear-P520286,Estée Lauder,NEW Double Wear Stay-in-Place Lightweight Matte Foundation with 36H Wear - Est&#233;e Lauder,Foundation,$52.0,4.565575595635716
516294,516294,https://www.sephora.com/product/double-wear-stay-in-place-24-hour-longwear-concealer-P516294,Estée Lauder,Double Wear Stay-in-Place 24-Hour Longwear Concealer - Est&#233;e Lauder,Concealer,$38.0,4.65661252900232
461159,461159,https://www.sephora.com/product/estee-lauder-advanced-night-repair-synchronized-multi-recovery-complex-P461159,Estée Lauder,Estee Lauder Advanced Night Repair Synchronized Multi-Recovery Complex Serum - Est&#233;e Lauder,Face Serums,$130.0,4.0560393790230975
454063,454063,https://www.sephora.com/product/estee-lauder-futurist-hydrating-rescue-moisturizing-foundation-spf-45-P454063,Estée Lauder,Futurist Hydra Rescue Moisturizing Foundation SPF 45 - Est&#233;e Lauder,Foundation,$55.0,4.0227272727272725
479839,479839,https://www.sephora.com/product/estee-lauder-revitalizing-supreme-youth-power-creme-moisturizer-P479839,Estée Lauder,Revitalizing Supreme+ Youth Power Creme Moisturizer - Est&#233;e Lauder,Face Creams,$120.0,4.313746065057712
507788,507788,https://www.sephora.com/product/kids-multi-vitamin-face-cream-P507788,Evereden,"Kids Multi-Vitamin Face Cream with Vitamin E, B3, B5 (Niacinamide) & Squalane - Evereden",Face Creams,$28.0,4.554317548746518
520007,520007,https://www.sephora.com/product/evereden-kids-2-in-1-mineral-face-cream-sunscreen-spf20-P520007,Evereden,Kids 2-in-1 Mineral Face Cream & Sunscreen SPF20 - Evereden,Face Creams,$36.0,4.9
518048,518048,https://www.sephora.com/product/darling-hair-body-fragrance-mist-P518048,Evereden,Darling - Kids Non-Toxic Hair & Body Fragrance Mist with Rose & Vanilla - Evereden,Body Mist & Hair Mist,$23.0,4.605263157894737
507772,507772,https://www.sephora.com/product/kids-multi-vitamin-face-wash-P507772,Evereden,Kids Multi-Vitamin Cleanser with Vitamins B5 & B3 (Niacinamide) - Evereden,Face Wash & Cleansers,$21.0,4.71875
516958,516958,https://www.sephora.com/product/kids-tinted-lip-oil-P516958,Evereden,Kids Hydrating Tinted Lip Oil - Evereden,Lip Oil,$22.0,4.542253521126761
518192,518192,https://www.sephora.com/product/super-saturated-hydrating-barrier-serum-P518192,Experiment,Super Saturated Hydrating Barrier Serum with 30% Glycerin + Polyglutamic Acid - Experiment,Face Serums,$28.0,4.6298076923076925
518194,518194,https://www.sephora.com/product/softwear-smoothing-lip-treatment-P518194,Experiment,,Lip Balms & Treatments,,
518188,518188,https://www.sephora.com/product/molecular-mesh-barrier-strengthening-moisturizer-P518188,Experiment,Molecular Mesh Barrier Strengthening Moisturizer with Ectoin + Centella - Experiment,Face Creams,$30.0,4.763819095477387
518193,518193,https://www.sephora.com/product/buffer-jelly-intensive-barrier-treatment-oil-P518193,Experiment,Buffer Jelly Facial Oil-Gel for Barrier Support with Ceramides - Experiment,Face Oils,$32.0,4.6571428571428575
518189,518189,https://www.sephora.com/product/plasma-wash-moisture-depositing-gel-cream-cleanser-P518189,Experiment,Plasma Wash Moisture-Depositing Gel Cream Cleanser with Glycerin - Experiment,Face Wash & Cleansers,$22.0,4.6938775510204085
456953,456953,https://www.sephora.com/product/fable-and-mane-holiroots-trade-hair-treatment-oil-P456953,Fable & Mane,HoliRoots™ Pre-wash Hair Treatment Oil - Fable & Mane,Scalp Treatments,$38.0,4.396461600321673
518127,518127,https://www.sephora.com/product/where-hair-roars-strength-volume-gift-set-P518127,Fable & Mane,Where Hair Roars – Strength & Volume Gift Set - Fable & Mane,Value & Gift Sets,$30.0,4.898876404494382
512211,512211,https://www.sephora.com/product/fable-mane-volumizing-conditioner-for-fine-dry-thinning-hair-P512211,Fable & Mane,"Volumizing Conditioner for Fine, Dry, Thinning Hair - Fable & Mane",Conditioner,$30.0,4.7073170731707314
512017,512017,https://www.sephora.com/product/fable-mane-volumizing-shampoo-for-fine-dry-thinning-hair-P512017,Fable & Mane,"Volumizing Shampoo for Fine, Dry, Thinning Hair - Fable & Mane",Shampoo,$30.0,4.570940170940171
515197,515197,https://www.sephora.com/product/shine-hair-mask-P515197,Fable & Mane,Shine Hydrating Hair Mask for Fine to Medium Hair - Fable & Mane,Hair Masks,$36.0,4.767716535433071
456952,456952,https://www.sephora.com/product/fable-and-mane-holiroots-moisturizing-shampoo-P456952,Fable & Mane,HoliRoots™ Hydrating Shampoo - Fable & Mane,Shampoo,$30.0,4.266503667481663
516249,516249,https://www.sephora.com/product/brighten-5-niacinamide-serum-for-dark-spots-uneven-texture-P516249,Facile,Brighten 5% Niacinamide Serum for Dark Spots & Uneven Texture - Facile,Face Serums,$38.0,4.861538461538461
520346,520346,https://www.sephora.com/product/beyond-there-rich-cream-P520346,Facile,Beyond There Rich Cream - Facile,Moisturizers,$28.0,4.883977900552487
516248,516248,https://www.sephora.com/product/lip-jelly-P516248,Facile,Lip Jelly Hydrating Glossy Peptide Treatment - Facile,Lip Balms & Treatments,$15.0,4.5851851851851855
516206,516206,https://www.sephora.com/product/destress-redness-calming-serum-with-vitamin-c-ceramides-P516206,Facile,Destress Redness Calming Serum with Vitamin C & Ceramides - Facile,Face Serums,$38.0,4.717948717948718
516250,516250,https://www.sephora.com/product/barely-there-hyaluronic-acid-lightweight-moisturizer-P516250,Facile,Barely There Hyaluronic Acid Lightweight Moisturizer - Facile,Face Creams,$25.0,4.7607361963190185
518071,518071,https://www.sephora.com/product/essential-bronzer-refillable-compact-P518071,Fara Homidi,Essential Bronzer Refillable Compact - Fara Homidi,Bronzer,$78.0,4.356643356643357
511747,511747,https://www.sephora.com/product/fara-homidi-essential-face-compact-refillable-concealer-and-foundation-P511747,Fara Homidi,Essential Face Compact Refillable Concealer and Foundation - Fara Homidi,Foundation,$88.0,4.497607655502392
511748,511748,https://www.sephora.com/product/fara-homidi-essential-lip-refillable-compact-P511748,Fara Homidi,Essential Lip Refillable Compact - Fara Homidi,Lipstick,$88.0,4.446969696969697
511650,511650,https://www.sephora.com/product/fara-homidi-smudge-contour-lip-pencil-P511650,Fara Homidi,Smudge & Contour Lip Pencil - Fara Homidi,Lip Liner,$36.0,4.625
517848,517848,https://www.sephora.com/product/fara-homidi-soft-glass-lip-plumping-oil-P517848,Fara Homidi,Soft Glass Lip Plumper Gloss Oil - Fara Homidi,Lip Oil,$46.0,4.621621621621622
515961,515961,https://www.sephora.com/product/green-clean-cleansing-balm-P515961,Farmacy,Green Clean Makeup Removing Cleansing Balm - Farmacy,Face Wash & Cleansers,$39.0,4.1606741573033705
463036,463036,https://www.sephora.com/product/farmacy-honey-halo-ultra-hydrating-ceramide-moisturizer-P463036,Farmacy,Honey Halo Ultra-Hydrating Ceramide Moisturizer - Farmacy,Face Creams,$48.0,4.3892168437622985
510509,510509,https://www.sephora.com/product/farmacy-honey-milk-hydrating-essence-with-chamomile-ceramides-P510509,Farmacy,Honey Milk Hydrating Essence with Chamomile + Ceramides - Farmacy,Mists & Essences,$34.0,4.752941176470588
466661,466661,https://www.sephora.com/product/farmacy-whipped-greens-oil-free-foaming-cleanser-with-moringa-papaya-P466661,Farmacy,Whipped Greens: oil-free foaming cleanser with moringa and papaya - Farmacy,Face Wash & Cleansers,$32.0,4.494134897360704
505757,505757,https://www.sephora.com/product/farmacy-apple-lip-smoothie-vitamin-c-peptide-lip-balm-P505757,Farmacy,Lip Smoothie Vitamin C + Peptide Lip Balm - Farmacy,Lip Balms & Treatments,$22.0,4.557339449541284
417238,417238,https://www.sephora.com/product/green-clean-makeup-meltaway-cleansing-balm-P417238,,,,,
434548,434548,https://www.sephora.com/product/honeymoon-glow-aha-resurfacing-night-serum-with-echinacea-greenenvy-tm-P434548,,,,,
459141,459141,https://www.sephora.com/product/farmacy-deep-sweep-2-bha-pore-cleaning-toner-with-moringa-papaya-P459141,Farmacy,Deep Sweep 2% BHA Pore Cleaning Toner with Moringa + Papaya - Farmacy,Toners,$34.0,4.379377431906615
449188,449188,https://www.sephora.com/product/green-defense-daily-mineral-sunscreen-P449188,,,,,
476444,476444,https://www.sephora.com/product/fashion-fair-creme-to-powder-skin-foundation-P476444,Fashion Fair,Crème to Powder Foundation,Foundation,$41.0,4.24
476493,476493,https://www.sephora.com/product/fashion-fair-iconic-lipstick-P476493,Fashion Fair,Iconic Lipstick - Fashion Fair,Lipstick,$29.0,4.56701030927835
476556,476556,https://www.sephora.com/product/fashion-fair-skinflex-stick-foundation-P476556,Fashion Fair,Stick Foundation,Foundation,$39.0,4.410958904109589
476494,476494,https://www.sephora.com/product/fashion-fair-iconic-pressed-setting-powder-P476494,Fashion Fair,Pressed Powder,Setting Spray & Powder,$35.0,4.04
502223,502223,https://www.sephora.com/product/fashion-fair-lip-teasers-P502223,Fashion Fair,,Lip Gloss,,
519767,519767,https://www.sephora.com/product/kissylips-hydrating-high-shine-lip-and-cheek-balm-P519767,fel beauty,Kissylips™ Hydrating High Shine Lip and Cheek Balm - fel beauty,Lip Balms & Treatments,$22.0,4.645161290322581
67988453,67988453,https://www.sephora.com/product/gloss-bomb-universal-lip-luminizer-P67988453,Fenty Beauty by Rihanna,Gloss Bomb Lip Gloss,Lip Gloss,$23.0,4.605191956124314
520308,520308,https://www.sephora.com/product/mini-killwatt-freestyle-highlighter-P520308,Fenty Beauty by Rihanna,Mini Killawatt Freestyle Highlighter - Fenty Beauty by Rihanna,Highlighter,$20.0,4.5
520338,520338,https://www.sephora.com/product/fairy-bomb-wattacrush-heart-shaped-shimmer-puff-P520338,Fenty Beauty by Rihanna,FAIRY BOMB WATTACRUSH HEART-SHAPED SHIMMER PUFF - Fenty Beauty by Rihanna,Sponges & Applicators,$29.0,2.4545454545454546
511661,511661,https://www.sephora.com/product/fenty-skin-rihanna-butta-drop-hydrating-body-milk-P511661,Fenty Beauty by Rihanna,Butta Drop Hydrating Body Milk - Fenty Beauty by Rihanna,Body Lotions & Body Oils,$34.0,4.592185592185592
18975403,18975403,https://www.sephora.com/product/match-stix-matte-skinstick-P18975403,Fenty Beauty by Rihanna,Match Stix Contour Stick,Contour,$33.0,4.227349703640982
470025,470025,https://www.sephora.com/product/fenty-beauty-rihanna-eaze-drop-blurring-skin-tint-P470025,Fenty Beauty by Rihanna,Eaze Drop Skin Tint,Foundation,$39.0,4.198908842918845
87985432,87985432,https://www.sephora.com/product/pro-filtr-soft-matte-longwear-foundation-P87985432,Fenty Beauty by Rihanna,Pro Filt'r Foundation,Foundation,$40.0,4.01576796915463
248407,248407,https://www.sephora.com/product/ultra-repair-cream-intense-hydration-P248407,First Aid Beauty,Ultra Repair&#174; Cream Intense Hydration - First Aid Beauty,Face Creams,$42.0,4.441251295580892
278317,278317,https://www.sephora.com/product/facial-radiance-pads-P278317,First Aid Beauty,Facial Radiance Pads - First Aid Beauty,Facial Peels,$20.0,4.2408192090395485
248404,248404,https://www.sephora.com/product/face-cleanser-P248404,First Aid Beauty,Pure Skin Face Cleanser - First Aid Beauty,Face Wash & Cleansers,$12.0,4.342722151553698
518252,518252,https://www.sephora.com/product/us-holiday-blockbuster-kit-2025-P518252,First Aid Beauty,"CLEANSE, HYDRATE + SOOTHE Holiday Skincare Gift Set  - First Aid Beauty",Value & Gift Sets,$35.0,4.318181818181818
518251,518251,https://www.sephora.com/product/swipe-glow-home-away-holiday-gift-set-P518251,First Aid Beauty,SWIPE + GLOW    Facial Radiance Pads with Glycolic + Lactic Acids - Holiday Skincare Gift Set  - Fir,Value & Gift Sets,$35.0,4.2408192090395485
444989,444989,https://www.sephora.com/product/kp-bump-eraser-body-scrub-with-10-aha-P444989,First Aid Beauty,KP Bump Eraser Body Scrub with 10% AHA - First Aid Beauty,Scrub & Exfoliants,$30.0,4.319094404100811
500998,500998,https://www.sephora.com/product/soothe-hydrate-barrier-building-hydrosol-mist-P500998,Flora + Bast,Soothe + Hydrate Barrier Building Hydrosol Mist - Flora + Bast,Mists & Essences,$44.0,4.5
454821,454821,https://www.sephora.com/product/foreo-luna-mini-3-P454821,FOREO,LUNA™ Mini 3 - FOREO,Facial Cleansing Brushes,$125.3,3.6693548387096775
468652,468652,https://www.sephora.com/product/foreo-ufo-2-P468652,FOREO,UFO™ 2 - FOREO,Anti-Aging,$209.3,4.232558139534884
447203,447203,https://www.sephora.com/product/luna-3-for-sensitive-skin-P447203,,,,,
468653,468653,https://www.sephora.com/product/freck-beauty-freck-og-the-original-P468653,Freck Beauty,Freck The Original Freckle - Freck Beauty,Contour,$28.0,3.681967213114754
502850,502850,https://www.sephora.com/product/freck-beauty-makeout-club-soft-blur-lipstick-P502850,Freck Beauty,MAKEOUT CLUB Soft Blur Lipstick - Freck Beauty,Lipstick,$16.81,4.415730337078652
510159,510159,https://www.sephora.com/product/freck-beauty-makeout-club-nude-muse-lip-liner-P510159,Freck Beauty,MAKEOUT CLUB Nude Muse Lip Liner - Freck Beauty,Lip Liner,$12.6,4.709677419354839
507471,507471,https://www.sephora.com/product/shadow-slide-long-wear-h20-shadow-sticks-P507471,Freck Beauty,Shadow Slide Long Wear H20 Shadow Sticks - Freck Beauty,Eyeshadow,$16.8,4.588050314465409
469819,469819,https://www.sephora.com/product/freck-beauty-cheekslime-lip-cheek-tint-with-plant-collagen-P469819,Freck Beauty,Cheekslime Blush + Lip Tint with Plant Collagen - Freck Beauty,Blush,$15.4,4.620967741935484
500777,500777,https://www.sephora.com/product/sugar-lip-balm-hydrating-treatment-P500777,fresh,Sugar Lip Balm Hydrating Treatment - fresh,Lip Balms & Treatments,$26.0,4.154645873944119
7880,7880,https://www.sephora.com/product/soy-face-cleanser-P7880,fresh,Soy pH-Balanced Hydrating Face Wash - fresh,Face Wash & Cleansers,$39.0,4.353441608662027
302103,302103,https://www.sephora.com/product/sugar-advanced-therapy-lip-treatment-P302103,fresh,Sugar Advanced Therapy Treatment Lip Balm - fresh,Lip Balms & Treatments,$28.0,4.268491365265559
471237,471237,https://www.sephora.com/product/fresh-rose-hyaluronic-acid-deep-hydration-moisturizer-P471237,fresh,Rose & Hyaluronic Acid Deep Hydration Moisturizer - fresh,Face Creams,$46.0,4.466572504708098
457005,457005,https://www.sephora.com/product/fresh-rose-deep-hydration-oil-serum-P457005,fresh,Rose Deep Hydration Oil-Infused Serum - fresh,Face Serums,$64.0,4.573170731707317
435401,435401,https://www.sephora.com/product/platinum-professional-performance-1-styler-P435401,ghd,"Platinum+ Styler - 1"" Flat Iron - ghd",Hair Straighteners & Flat Irons,$319.0,3.897810218978102
462351,462351,https://www.sephora.com/product/ghd-rise-hot-round-brush-P462351,ghd,,Blow Dry Brushes,,
389524,389524,https://www.sephora.com/product/curve-1-25-soft-curl-iron-P389524,ghd,"Soft Curl - 1.25"" Curling Iron - ghd",Curling Irons,$239.0,3.774774774774775
509903,509903,https://www.sephora.com/product/chronos-styler-1-P509903,ghd,"Chronos Styler 1"" Flat Iron - ghd",Hair Straighteners & Flat Irons,$359.0,4.720689655172414
389523,389523,https://www.sephora.com/product/curve-classic-wave-wand-P389523,ghd,Classic Wave - Oval Curling Wand - ghd,Curling Irons,$239.0,3.8260869565217392
474043,474043,https://www.sephora.com/product/ghd-unplugged-cordless-styler-P474043,ghd,Unplugged Styler - Cordless Flat Iron - ghd,Hair Straighteners & Flat Irons,$299.0,4.234146341463415
454987,454987,https://www.sephora.com/product/ghd-helios-professional-hairdryer-P454987,ghd,Helios 1875W Advanced Professional Hair Dryer - ghd,Hair Dryers,$329.0,4.667487684729064
505233,505233,https://www.sephora.com/product/gisou-lip-oil-P505233,Gisou,Honey Infused Hydrating Lip Oil - Gisou,Lip Balms & Treatments,$28.0,4.231809401159047
515172,515172,https://www.sephora.com/product/honey-gloss-ceramide-therapy-hydrating-hair-mask-P515172,Gisou,Honey Gloss Ceramide Therapy Hydrating Hair Mask - Gisou,Hair Masks,$44.0,4.598086124401914
462353,462353,https://www.sephora.com/product/gisou-mini-honey-infused-hair-oil-P462353,Gisou,Mini Honey Infused Hair Oil - Gisou,Mini Size,$25.0,4.218485097074105
516617,516617,https://www.sephora.com/product/honey-gloss-ceramide-therapy-hydrating-shampoo-P516617,Gisou,Honey Gloss Ceramide Therapy Hydrating Shampoo - Gisou,Shampoo,$27.0,4.255255255255255
462352,462352,https://www.sephora.com/product/gisou-honey-infused-hair-oil-P462352,Gisou,Honey Infused Hair Oil - Gisou,Hair Oil,$46.0,4.218485097074105
462355,462355,https://www.sephora.com/product/gisou-honey-infused-hair-perfume-P462355,,,,,
515776,515776,https://www.sephora.com/product/prisme-libre-blurring-color-correcting-pressed-powder-P515776,Givenchy,Prisme Libre Blurring & Color-Correcting Matte Pressed Powder - Givenchy,Setting Spray & Powder,$62.0,4.606217616580311
390722,390722,https://www.sephora.com/product/prisme-libre-loose-powder-P390722,Givenchy,Prisme Libre Loose Powder - Givenchy,Setting Spray & Powder,$64.0,3.917208495882098
416205,416205,https://www.sephora.com/product/prisme-libre-travel-mat-finish-enhanced-radiance-loose-powder-P416205,Givenchy,Mini Prisme Libre Loose Powder - Givenchy,Mini Size,$34.0,3.917208495882098
504939,504939,https://www.sephora.com/product/prisme-libre-skin-caring-corrector-P504939,Givenchy,Prisme Libre Skin-Caring Corrector - Givenchy,Color Correct,$42.0,3.5844155844155843
474948,474948,https://www.sephora.com/product/givenchy-le-rouge-sheer-velvet-matte-lipstick-P474948,Givenchy,Le Rouge Sheer Velvet Matte Lipstick - Givenchy,Lipstick,$48.0,4.477099236641221
469469,469469,https://www.sephora.com/product/givenchy-prisme-libre-skin-caring-glow-foundation-P469469,,,,,
458220,458220,https://www.sephora.com/product/givenchy-gentleman-boise-eau-de-parfum-P458220,,,,,
423431,423431,https://www.sephora.com/product/gentleman-P423431,,,,,
45600,45600,https://www.sephora.com/product/very-irresistible-givenchy-P45600,,,,,
457669,457669,https://www.sephora.com/product/givenchy-l-interdit-eau-de-parfum-P457669,,,,,
516979,516979,https://www.sephora.com/product/premium-press-on-nail-kit-P516979,Glamnetic,,Nail,,
500858,500858,https://www.sephora.com/product/press-on-nails-P500858,Glamnetic,Press-On Nail Kit - Glamnetic,Nail,$16.0,3.8119658119658117
503068,503068,https://www.sephora.com/product/glamnetic-brush-on-nail-glue-P503068,Glamnetic,Brush On Nail Glue - Glamnetic,Nail,$8.0,4.351851851851852
520343,520343,https://www.sephora.com/product/guava-toner-pads-P520343,Glow Recipe,Vitamin C Brightening Korean Guava Toner Pads for Undereye & Cheeks - Glow Recipe,Toners,$30.0,4.932885906040268
521347,521347,https://www.sephora.com/product/glow-recipe-prickly-pear-pdrn-toner-pads-P521347,Glow Recipe,PDRN Repair + Soothe Korean Prickly Pear Toner Pads for Skin Barrier Repair - Glow Recipe,Toners,$30.0,4.888888888888889
458219,458219,https://www.sephora.com/product/glow-recipe-watermelon-glow-pha-bha-pore-tight-toner-P458219,Glow Recipe,Watermelon Glow PHA + BHA Pore-Tight Toner - Glow Recipe,Toners,$36.0,4.284194719058942
521346,521346,https://www.sephora.com/product/glow-recipe-toner-pad-P521346,Glow Recipe,LHA + AHA Korean Watermelon Toner Pads for Hydration and Gentle Exfoliation  - Glow Recipe,Toners,$30.0,4.945205479452055
466123,466123,https://www.sephora.com/product/glow-recipe-watermelon-glow-niacinamide-dew-drops-P466123,Glow Recipe,Watermelon Glow Niacinamide Dew Drops - Glow Recipe,Face Serums,$36.0,4.26587075990146
420160,420160,https://www.sephora.com/product/watermelon-glow-sleeping-mask-P420160,,,,,
467762,467762,https://www.sephora.com/product/glow-recipe-mini-watermelon-glow-pha-bha-pore-tight-toner-P467762,Glow Recipe,Mini Watermelon Glow PHA + BHA Pore-Tight Toner - Glow Recipe,Mini Size,$16.0,4.284194719058942
509844,509844,https://www.sephora.com/product/glow-recipe-watermelon-glow-niacinamide-hue-drops-sun-glow-serum-P509844,Glow Recipe,Watermelon Glow Niacinamide Hue Drops Serum - Glow Recipe,Face Serums,$36.0,4.415716096324461
510971,510971,https://www.sephora.com/product/glow-recipe-watermelon-glow-niacinamide-dew-balm-sunscreen-stick-spf-45-P510971,Glow Recipe,Watermelon Glow Niacinamide Dew Balm Face Sunscreen Stick- SPF 45 - Glow Recipe,Face Sunscreen,$30.0,4.168453292496172
518235,518235,https://www.sephora.com/product/glow-recipe-watermelon-glow-dewy-skin-routine-gift-set-P518235,Glow Recipe,Watermelon Glow Dewy Skin Routine Gift Set - Glow Recipe,Value & Gift Sets,$54.0,4.7190082644628095
508431,508431,https://www.sephora.com/product/colorblur-tinted-glow-lip-cheek-balm-with-vitamin-c-P508431,GOOP,Colorblur Tinted Glow Lip + Cheek Balm with Vitamin C - GOOP,Blush,$34.0,4.2811791383219955
478274,478274,https://www.sephora.com/product/goop-goopgenes-clean-nourishing-lip-balm-trio-P478274,GOOP,GENES Clean Nourishing Lip Balm Trio - goop,Value & Gift Sets,$58.0,3.3783783783783785
456213,456213,https://www.sephora.com/product/goop-goopglow-microderm-instant-glow-exfoliator-P456213,GOOP,GLOW Microderm Instant Glow Exfoliator - goop,Exfoliators,$125.0,4.495759717314487
512357,512357,https://www.sephora.com/product/goop-youth-boost-peptide-serum-P512357,GOOP,Youth Boost Peptide Serum - GOOP,Face Serums,$150.0,4.363157894736842
456208,456208,https://www.sephora.com/product/goop-goopglow-15-glycolic-acid-overnight-glow-peel-P456208,,,,,
419219,419219,https://www.sephora.com/product/grandlash-tm-md-lash-enhancing-serum-P419219,Grande Cosmetics,GrandeLASH&#8482; - MD Lash Enhancing Serum - Grande Cosmetics,Mascara,$68.0,4.120648464163822
444603,444603,https://www.sephora.com/product/grandelash-md-lash-enhancing-serum-mini-P444603,Grande Cosmetics,GrandeLASH-MD Lash Enhancing Serum Mini - Grande Cosmetics,Makeup,$36.0,4.120648464163822
419218,419218,https://www.sephora.com/product/grandebrow-brow-enhancing-serum-P419218,Grande Cosmetics,GrandeBROW Brow Enhancing Serum - Grande Cosmetics,Eyebrow,$73.0,4.352112676056338
518456,518456,https://www.sephora.com/product/2-step-lash-system-mini-grandelash-md-and-grandemascara-P518456,Grande Cosmetics,2-Step Lash System Mini GrandeLASH-MD & GrandeMASCARA - Grande Cosmetics,Value & Gift Sets,$25.0,4.8
465760,465760,https://www.sephora.com/product/grande-cosmetics-jumbo-grandelash-trade-md-lash-enhancing-serum-P465760,Grande Cosmetics,Jumbo GrandeLASH&trade; - MD Lash Enhancing Serum - Grande Cosmetics,Mascara,$125.0,4.120648464163822
407471,407471,https://www.sephora.com/product/grandelips-hydrating-lip-plumper-P407471,Grande Cosmetics,GrandeLIPS Hydrating Lip Plumper Gloss - Grande Cosmetics,Lip Gloss,$27.0,3.7865319865319864
459503,459503,https://www.sephora.com/product/gucci-gucci-poudre-de-beaute-eclat-soleil-bronzing-powder-P459503,Gucci,Poudre De Beauté Éclat Soleil Bronzing Powder - Gucci,Bronzer,$65.0,4.62219451371571
520021,520021,https://www.sephora.com/product/gucci-glow-dewy-powder-blush-P520021,Gucci,Glow Dewy Powder Blush - Gucci,Blush,$49.0,4.668740279937792
502188,502188,https://www.sephora.com/product/luminous-matte-beauty-blush-P502188,Gucci,Luminous Matte Powder Blush - Gucci,Blush,$49.0,4.695760598503741
453273,453273,https://www.sephora.com/product/gucci-gucci-rouge-a-levres-mat-matte-lipstick-P453273,Gucci,Rouge &#224; L&#232;vres Mat Matte Lipstick - Gucci,Lipstick,$49.0,4.361430395913154
512763,512763,https://www.sephora.com/product/gucci-gucci-glow-highlighter-P512763,Gucci,Glow Multi-Use Illuminating Gel-Powder Highlighter - Gucci,Highlighter,$59.0,4.58133971291866
429915,429915,https://www.sephora.com/product/rouge-g-customizable-lipstick-bullet-P429915,GUERLAIN,Rouge G Refillable Lipstick - GUERLAIN,Lipstick,$43.0,4.390625
483450,483450,https://www.sephora.com/product/guerlain-kisskiss-bee-glow-lipstick-balm-P483450,GUERLAIN,KissKiss Bee Glow Lipstick Balm - GUERLAIN,Lip Balms & Treatments,$43.0,4.209302325581396
266308,266308,https://www.sephora.com/product/meteorites-illuminating-powder-pearls-P266308,GUERLAIN,M&#233;t&#233;orites Illuminating Powder Pearls - GUERLAIN,Highlighter,$75.0,4.142694063926941
430124,430124,https://www.sephora.com/product/terracotta-light-healthy-glow-vitamin-radiance-powder-P430124,GUERLAIN,Terracotta Light Healthy Glow Bronzer - GUERLAIN,Bronzer,$62.0,4.480769230769231
510448,510448,https://www.sephora.com/product/guerlain-kiss-kiss-bee-glow-lip-oil-P510448,GUERLAIN,Kiss Kiss Bee Glow Hydrating Tinted Lip Oil - GUERLAIN,Lip Balms & Treatments,$43.0,4.386904761904762
474953,474953,https://www.sephora.com/product/guerlain-abeille-royale-youth-watery-anti-aging-oil-P474953,,,,,
284710,284710,https://www.sephora.com/product/terracotta-bronzing-powder-P284710,,,,,
416938,416938,https://www.sephora.com/product/mon-guerlain-P416938,GUERLAIN,Mon Guerlain Eau de Parfum - GUERLAIN,Perfume,$180.0,4.402826855123675
272652,272652,https://www.sephora.com/product/shalimar-eau-de-parfum-P272652,,,,,
504902,504902,https://www.sephora.com/product/hanni-splash-salve-in-shower-body-moisture-treatment-P504902,Hanni,Splash Salve In-Shower Body Moisture Treatment - Hanni,Body Lotions & Body Oils,$37.0,4.408450704225352
503899,503899,https://www.sephora.com/product/hanni-water-balm-custom-hydration-body-moisturizing-mist-P503899,Hanni,Water Balm Instant Hydration Body Moisturizer Mist - Hanni,Body Lotions & Body Oils,$37.0,4.540268456375839
512530,512530,https://www.sephora.com/product/hanni-the-fatty-fatty-acid-moisture-stick-for-moisture-barrier-P512530,Hanni,"The Fatty, Fatty Acid Moisture Stick for moisture barrier - Hanni",Body Lotions & Body Oils,$30.0,4.736301369863014
507891,507891,https://www.sephora.com/product/cocoon-cleanse-solid-body-serum-cleanser-with-shea-butter-P507891,Hanni,Cocoon Cleanse Solid Body Serum Cleanser with Shea Butter - Hanni,Body Wash & Shower Gel,$19.0,4.579439252336448
509432,509432,https://www.sephora.com/product/hanni-good-aura-body-oil-P509432,Hanni,Good Aura Weightless Body Oil - Hanni,Body Lotions & Body Oils,$37.0,4.700854700854701
516769,516769,https://www.sephora.com/product/red-rice-hydrating-cream-with-ceramide-P516769,Hanyul,Red Rice Hydrating Cream with Ceramide - Hanyul,Face Creams,$40.0,4.8108108108108105
519769,519769,https://www.sephora.com/product/hanyul-artemisia-soothing-2-in-1-mask-to-foam-cleanser-with-niacinamide-bha-P519769,Hanyul,Artemisia Soothing 2-in-1 Mask to Foam Cleanser with Hyaluronic Acid  + BHA - Hanyul,Face Wash & Cleansers,$22.0,4.841897233201581
516436,516436,https://www.sephora.com/product/yuja-brightening-sleeping-mask-with-vitamin-c-niacinamide-P516436,Hanyul,Yuja Brightening Sleeping Mask with Vitamin C and Niacinamide - Hanyul,Face Masks,$30.0,4.7180451127819545
516750,516750,https://www.sephora.com/product/artemisia-soothing-gel-cream-moisturizer-with-centella-asiatica-niacinamide-P516750,Hanyul,Artemisia Soothing Gel Cream Moisturizer with Centella Asiatica and Niacinamide - Hanyul,Face Creams,$36.0,4.839041095890411
517650,517650,https://www.sephora.com/product/mini-yuja-brightening-sleeping-mask-with-vitamin-c-niacinamide-P517650,Hanyul,Mini Yuja Brightening Sleeping Mask with Vitamin C and Niacinamide - Hanyul,Face Masks,$15.0,4.551724137931035
502185,502185,https://www.sephora.com/product/triclone-skin-tech-medium-coverage-foundation-with-fermented-arnica-P502185,HAUS LABS BY LADY GAGA,Triclone Skin Tech Medium Coverage Foundation with Fermented Arnica - HAUS LABS BY LADY GAGA,Foundation,$0.01,3.9749478079331944
507110,507110,https://www.sephora.com/product/triclone-skin-tech-hydrating-concealer-with-fermented-arnica-P507110,HAUS LABS BY LADY GAGA,Triclone Skin Tech Hydrating + De-puffing Concealer with Fermented Arnica - HAUS LABS BY LADY GAGA,Concealer,$32.0,3.886838868388684
510741,510741,https://www.sephora.com/product/haus-labs-by-lady-gaga-color-fuse-longwear-hydrating-glassy-lip-cheek-blush-balm-stick-P510741,HAUS LABS BY LADY GAGA,Color Fuse Longwear Hydrating Glassy Lip + Cheek Blush Balm Stick - HAUS LABS BY LADY GAGA,Blush,$34.0,4.368975903614458
504025,504025,https://www.sephora.com/product/haus-labs-by-lady-gaga-color-fuse-blush-P504025,HAUS LABS BY LADY GAGA,Color Fuse Talc-Free Blush Powder With Fermented Arnica - HAUS LABS BY LADY GAGA,Blush,$32.0,4.608735213830755
500284,500284,https://www.sephora.com/product/le-monster-lip-crayon-lipstick-P500284,HAUS LABS BY LADY GAGA,Le Monster Lip Crayon Vegan Lipstick and Lip Liner - HAUS LABS BY LADY GAGA,Lipstick,$24.0,4.334370139968896
500283,500283,https://www.sephora.com/product/phd-hybrid-lip-oil-P500283,HAUS LABS BY LADY GAGA,PhD Hybrid Hydrating Tinted Lip Oil - HAUS LABS BY LADY GAGA,Lip Oil,$26.0,3.8634076204169663
509390,509390,https://www.sephora.com/product/haus-labs-by-lady-gaga-phd-hybrid-lip-glaze-plumping-gloss-P509390,HAUS LABS BY LADY GAGA,PhD Hybrid Lip Glaze Plumping Gloss - HAUS LABS BY LADY GAGA,Lip Gloss,$26.0,4.394886363636363
515434,515434,https://www.sephora.com/product/haus-labs-by-lady-gaga-bio-radiant-glassy-highlighter-balm-P515434,HAUS LABS BY LADY GAGA,Bio-Radiant Glassy Balm Highlighter Stick - HAUS LABS BY LADY GAGA,Highlighter,$30.0,4.1878453038674035
511648,511648,https://www.sephora.com/product/hello-sunday-the-one-for-your-lips-spf-50-hydrating-lip-balm-with-hyaluronic-acid-squalane-P511648,Hello Sunday,The One For Your Lips SPF 50 Hydrating Lip Balm with Hyaluronic Acid & Squalane - Hello Sunday,Lip Balms & Treatments,$12.0,3.551470588235294
518080,518080,https://www.sephora.com/product/the-mineral-lip-one-vanilla-cloud-P518080,Hello Sunday,The Mineral Lip One SPF 45 Nourishing Lip Tint - Hello Sunday,Lip Balms & Treatments,$15.0,4.376404494382022
515534,515534,https://www.sephora.com/product/the-bestseller-daily-spf-duo-with-broad-spectrum-spf-50-P515534,Hello Sunday,The Bestseller Daily SPF Duo with Broad Spectrum SPF 50 - Hello Sunday,Value & Gift Sets,$27.0,2.5
510563,510563,https://www.sephora.com/product/hello-sunday-the-mineral-one-spf-50-hydrating-luminating-face-serum-with-hyaluronic-acid-P510563,Hello Sunday,The Mineral One SPF 50 Hydrating and Luminating Face Serum with Hyaluronic Acid - Hello Sunday,Face Serums,$28.0,3.658536585365854
510384,510384,https://www.sephora.com/product/hello-sunday-the-shimmer-one-spf-45-face-body-mineral-glow-stick-with-hyaluronic-acid-P510384,Hello Sunday,The Shimmer One SPF 45 Face and Body Mineral Sunscreen Glow Stick with Hyaluronic Acid - Hello Sunda,Face Sunscreen,$22.0,4.461538461538462
520368,520368,https://www.sephora.com/product/london-1983-eau-de-parfum-travel-spray-P520368,Henry Rose,London 1983 Eau de Parfum with Musk Travel Spray - Henry Rose,Rollerballs & Travel Size,$35.0,4.841121495327103
515384,515384,https://www.sephora.com/product/fragrance-discovery-set-P515384,Henry Rose,Fragrance Discovery Set ft. Dave with Vanilla + Tonka Bean - Henry Rose,Perfume Gift Sets,$28.0,4.0
520362,520362,https://www.sephora.com/product/london-1983-eau-de-parfum-P520362,Henry Rose,London 1983 Eau de Parfum with Musk - Henry Rose,Perfume,$120.0,4.841121495327103
515350,515350,https://www.sephora.com/product/henry-rose-dave-eau-de-parfum-with-vanilla-tonka-bean-P515350,Henry Rose,Dave Eau De Parfum with Vanilla - Henry Rose,Unisex / Genderless,$120.0,4.61631419939577
515377,515377,https://www.sephora.com/product/dave-eau-de-parfum-with-vanilla-tonka-bean-travel-spray-P515377,Henry Rose,Dave Eau De Parfum with Vanilla Travel Spray - Henry Rose,Rollerballs & Travel Size,$35.0,4.61631419939577
516559,516559,https://www.sephora.com/product/hermes-fragrance-replica-discovery-set-P516559,HERMÈS,Herm&#232;s Fragrance Replica Discovery Set - HERM&#200;S,Perfume Gift Sets,$63.0,3.5
513648,513648,https://www.sephora.com/product/hermes-barenia-eau-de-parfum-travel-spray-P513648,HERMÈS,"Bar&#233;nia, Eau de Parfum Travel Spray - HERM&#200;S",Rollerballs & Travel Size,$48.0,4.443514644351464
505679,505679,https://www.sephora.com/product/mini-hermes-eau-de-toilette-gift-set-P505679,HERMÈS,Mini Jardin Fragrance Discovery Set - HERM&#200;S,Perfume Gift Sets,$63.0,3.3333333333333335
513646,513646,https://www.sephora.com/product/hermes-barenia-eau-de-parfum-P513646,HERMÈS,"Barénia, Eau de Parfum - HERM&#200;S",Perfume,$182.0,4.443514644351464
516517,516517,https://www.sephora.com/product/terre-d-hermes-eau-de-parfum-intense-P516517,HERMÈS,Terre d'Herm&#232;s Eau de Parfum Intense - HERM&#200;S,Cologne,$168.0,4.670157068062827
508179,508179,https://www.sephora.com/product/red-light-face-mask-for-fine-lines-glowing-skin-P508179,HigherDOSE,Red Light Face Mask for Fine Lines & Glowing Skin - HigherDOSE,Anti-Aging,$349.0,3.9478260869565216
508236,508236,https://www.sephora.com/product/serotonin-soak-magnesium-bath-salt-for-muscle-relaxation-mood-boost-P508236,HigherDOSE,Serotonin Soak - Magnesium Bath Salt for Muscle Relaxation & Mood Boost - HigherDOSE,Bath Soaks & Bubble Bath,$25.0,4.403846153846154
508195,508195,https://www.sephora.com/product/glow-serum-with-copper-peptides-vegan-collagen-P508195,HigherDOSE,Glow Serum with Copper Peptides and Vegan Collagen - HigherDOSE,Face Serums,$69.0,4.68
513122,513122,https://www.sephora.com/product/higherdose-red-light-hat-for-hair-vitality-P513122,HigherDOSE,Red Light Hat for Hair Growth - HigherDOSE,High Tech Tools,$449.0,4.612244897959184
508204,508204,https://www.sephora.com/product/red-light-neck-enhancer-mask-for-fine-lines-P508204,HigherDOSE,Red Light Neck Enhancer Mask for Fine Lines - HigherDOSE,High Tech Tools,$349.0,3.6666666666666665
454042,454042,https://www.sephora.com/product/hourglass-vanish-airbrush-concealer-P454042,Hourglass,Brightening Vanish&trade; Airbrush Concealer,Concealer,$39.0,4.242757510729613
506573,506573,https://www.sephora.com/product/veil-hydrating-skin-tint-P506573,Hourglass,Veil&#8482; Hydrating Skin Tint Foundation - Hourglass,Tinted Moisturizer,$49.0,4.444388014220417
483662,483662,https://www.sephora.com/product/hourglass-phantom-volumizing-glossy-balm-P483662,Hourglass,Phantom Volumizing Glossy Balm - Hourglass,Lip Balms & Treatments,$38.0,4.598218962807753
382309,382309,https://www.sephora.com/product/ambient-lighting-palette-P382309,Hourglass,Ambient&#174; Lighting Palette - Hourglass,Highlighter,$75.0,4.3353973168214655
384963,384963,https://www.sephora.com/product/ambient-lighting-blush-collection-P384963,Hourglass,Ambient Lighting Blush Collection - Hourglass,Blush,$48.0,4.514022787028922
516876,516876,https://www.sephora.com/product/reusable-feline-r-wispy-cat-eye-lashes-P516876,House of Lashes,Reusable Feline&#174; Wispy Cat-Eye Lashes - House of Lashes,False Eyelashes,$12.0,4.64
408663,408663,https://www.sephora.com/product/house-lashes-eyelash-adhesive-P408663,House of Lashes,&#174; Eyelash Adhesive - SEPHORA COLLECTION,False Eyelashes,$10.0,4.206831119544592
465813,465813,https://www.sephora.com/product/cruelty-free-faux-mink-volumizing-false-eyelashes-P465813,House of Lashes,x Sephora Collection False Lash - SEPHORA COLLECTION,False Eyelashes,$15.0,4.61455525606469
516908,516908,https://www.sephora.com/product/reusable-wispy-faux-mink-demi-half-lashes-P516908,House of Lashes,Reusable Wispy Faux Mink Demi Half Lashes - House of Lashes,False Eyelashes,$12.0,4.0
